"","participante","Já.realizou.alguma.pesquisa.sobre.simbolismo.sonoro.","Já.participou.de.algum.experimento.relacionado.a.dar.nomes.a.Pokémons.","nome","tipo","pokemon","transcript","mantem","number.obstruents","number.sibilantes","number.labials","inicial.sib","outcome.obs","outcome.sibilantes","outcome.labials"
"1","pl1","Não","Não","violetinhav","voador","Bombo","b~o-bo","sim",2,0,2,"b~","1","0","1"
"2","pl2","Não","Não","violetinhav","voador","Baulux","baw-luS","sim",1,1,1,"ba","1","1","1"
"3","pl3","Não","Não","violetinhav","voador","Yozu","io-'zu","sim",1,0,0,"io","1","0","0"
"4","pl4","Não","Não","violetinhav","voador","bililido","bi-li-'li-do","sim",2,0,1,"bi","1","0","1"
"5","pl5","Não","Não","violetinhav","voador","Montegoy","m~o-'te-goj","sim",1,0,1,"m~","1","0","1"
"6","pl7","Não","Não","violetinhav","voador","Bulucardo","bu-lu-'kaR-do","sim",2,0,1,"bu","1","0","1"
"7","pl9","Não","Não","violetinhav","voador","Butazi","bu-ta-'zi","sim",2,0,1,"bu","1","0","1"
"8","pl13","Não","Não","violetinhav","voador","Bofu","bo-'fu","sim",1,0,1,"bo","1","0","1"
"9","pl14","Não","Não","violetinhav","voador","Paranã","pa-ra-'n~a","sim",0,0,1,"pa","0","0","1"
"10","pl17","Não","Não","violetinhav","voador","Fligo","fli-go","sim",1,0,0,"fl","1","0","0"
"11","pl18","Não","Não","violetinhav","voador","Oncle","~o-kle","sim",0,0,0,"~o","0","0","0"
"12","pl19","Não","Não","violetinhav","voador","Marumi","ma-ru-'mi","sim",0,0,2,"ma","0","0","1"
"13","pl20","Não","Não","violetinhav","voador","Nito","ni-to","sim",0,0,0,"ni","0","0","0"
"14","pl21","Não","Não","violetinhav","voador","Voulimom","vow-'li-m~o","sim",1,0,1,"vo","1","0","1"
"15","pl23","Não","Não","violetinhav","voador","Fluzu","flu-'zu","sim",1,0,0,"fl","1","0","0"
"16","pl5","Não","Não","besourinhonv","evil","Ispirinto","is-pi-'r~i-to","sim",0,1,1,"is","0","1","1"
"17","pl7","Não","Não","besourinhonv","evil","Escartar","es-kaR-'taR","sim",0,1,0,"es","0","1","0"
"18","pl9","Não","Não","besourinhonv","evil","Cargavo","kaR-'ga-vo","sim",2,0,0,"ka","1","0","0"
"19","pl13","Não","Não","besourinhonv","evil","Mafuzo","ma-'fu-zo","sim",1,0,1,"ma","1","0","1"
"20","pl14","Não","Não","besourinhonv","evil","Barigui","ba-ri-'gi","sim",2,0,1,"ba","1","0","1"
"21","pl17","Não","Não","besourinhonv","evil","Tortor","toR-'toR","sim",0,0,0,"to","0","0","0"
"22","pl19","Não","Não","besourinhonv","evil","Zetereu","ze-te-'rew","sim",1,0,0,"ze","1","0","0"
"23","pl21","Não","Não","besourinhonv","evil","Escúdero","es-'ku-de-ro","sim",1,1,0,"es","1","1","0"
"24","pl25","Não","Não","besourinhonv","evil","Disporcíra","dis-poR-'si-ra","sim",1,2,1,"di","1","1","1"
"25","pl26","Não","Não","besourinhonv","evil","Quarzar","kwaR-'zaR","sim",1,0,0,"kw","1","0","0"
"26","pl2","Não","Não","demoniozinhonv","evil","Alume","a-'lu-me","sim",0,0,1,"a-","0","0","1"
"27","pl3","Não","Não","demoniozinhonv","evil","Ispix","is-piS","sim",0,2,1,"is","0","1","1"
"28","pl4","Não","Não","demoniozinhonv","evil","malavo","ma-'la-vo","sim",1,0,1,"ma","1","0","1"
"29","pl5","Não","Não","demoniozinhonv","evil","Téva","te-va","sim",1,0,0,"te","1","0","0"
"30","pl7","Não","Não","demoniozinhonv","evil","Noterido","no-te-'ri-do","sim",1,0,0,"no","1","0","0"
"31","pl9","Não","Não","demoniozinhonv","evil","Trucude","tru-'ku-de","sim",1,0,0,"tr","1","0","0"
"32","pl13","Não","Não","demoniozinhonv","evil","Poturo","po-'tu-ro","sim",0,0,1,"po","0","0","1"
"33","pl14","Não","Não","demoniozinhonv","evil","Cabatatu","ka-ba-ta-'tu","sim",1,0,1,"ka","1","0","1"
"34","pl17","Não","Não","demoniozinhonv","evil","Lica","li-ka","sim",0,0,0,"li","0","0","0"
"35","pl18","Não","Não","demoniozinhonv","evil","Uvu","u-'vu","sim",1,0,0,"u-","1","0","0"
"36","pl19","Não","Não","demoniozinhonv","evil","Lutra","lu-tra","sim",0,0,0,"lu","0","0","0"
"37","pl20","Não","Não","demoniozinhonv","evil","Livide","li-'vi-de","sim",2,0,0,"li","1","0","0"
"38","pl21","Não","Não","demoniozinhonv","evil","Nívadi","ni-va-di","sim",2,0,0,"ni","1","0","0"
"39","pl23","Não","Não","demoniozinhonv","evil","Espelon","es-'pe-l~o","sim",0,1,1,"es","0","1","1"
"40","pl26","Não","Não","demoniozinhonv","evil","Daspi","das-'pi","sim",1,1,1,"da","1","1","1"
"41","pl1","Não","Não","longuinhov","voador","Laun","lawn","sim",0,0,0,"la","0","0","0"
"42","pl3","Não","Não","longuinhov","voador","Fleuro","flew-ro","sim",0,0,0,"fl","0","0","0"
"43","pl4","Não","Não","longuinhov","voador","galavi","ga-la-'vi","sim",2,0,0,"ga","1","0","0"
"44","pl5","Não","Não","longuinhov","voador","Sôuciar","sow-si-aR","sim",0,2,0,"so","0","1","0"
"45","pl7","Não","Não","longuinhov","voador","Azibur","a-zi-'buR","sim",2,0,1,"a-","1","0","1"
"46","pl9","Não","Não","longuinhov","voador","Videpole","vi-de-'po-le","sim",2,0,1,"vi","1","0","1"
"47","pl13","Não","Não","longuinhov","voador","Safi","sa-'fi","sim",0,1,0,"sa","0","1","0"
"48","pl17","Não","Não","longuinhov","voador","Quago","kwa-go","sim",1,0,0,"kw","1","0","0"
"49","pl18","Não","Não","longuinhov","voador","Lou","low","sim",0,0,0,"lo","0","0","0"
"50","pl19","Não","Não","longuinhov","voador","Goremum","go-re-'m~u","sim",1,0,1,"go","1","0","1"
"51","pl21","Não","Não","longuinhov","voador","Blozio","blo-'zio","sim",2,0,1,"bl","1","0","1"
"52","pl26","Não","Não","longuinhov","voador","Golumbo","go-'l~u-bo","sim",2,0,1,"go","1","0","1"
"53","pl1","Não","Não","baleinhanv","evil","Blêne","ble-ne","sim",1,0,1,"bl","1","0","1"
"54","pl2","Não","Não","baleinhanv","evil","Bauba","baw-ba","sim",2,0,2,"ba","1","0","1"
"55","pl3","Não","Não","baleinhanv","evil","Cron","kr~o","sim",0,0,0,"kr","0","0","0"
"56","pl4","Não","Não","baleinhanv","evil","tubavá","tu-ba-'va","sim",2,0,1,"tu","1","0","1"
"57","pl5","Não","Não","baleinhanv","evil","Prefron","pre-fr~o","sim",0,0,1,"pr","0","0","1"
"58","pl7","Não","Não","baleinhanv","evil","Casterio","kas-te-'rio","sim",0,1,0,"ka","0","1","0"
"59","pl13","Não","Não","baleinhanv","evil","Groto","gro-to","sim",1,0,0,"gr","1","0","0"
"60","pl17","Não","Não","baleinhanv","evil","Gondor","g~o-'doR","sim",2,0,0,"g~","1","0","0"
"61","pl19","Não","Não","baleinhanv","evil","Vidrufo","vi-'dru-fo","sim",2,0,0,"vi","1","0","0"
"62","pl20","Não","Não","baleinhanv","evil","Coraci","ko-ra-'si","sim",0,1,0,"ko","0","1","0"
"63","pl21","Não","Não","baleinhanv","evil","Crovador","kro-va-'doR","sim",2,0,0,"kr","1","0","0"
"64","pl26","Não","Não","baleinhanv","evil","Mamoré","ma-mo-'re","sim",0,0,2,"ma","0","0","1"
"65","pl1","Não","Não","ferinhanv","evil","Catau","ka-'taw","sim",0,0,0,"ka","0","0","0"
"66","pl2","Não","Não","ferinhanv","evil","Kraum","krawm","sim",0,0,1,"kr","0","0","1"
"67","pl3","Não","Não","ferinhanv","evil","Pevioto","pe-vi-'o-to","sim",1,0,1,"pe","1","0","1"
"68","pl4","Não","Não","ferinhanv","evil","tiregoi","ti-re-'goj","sim",1,0,0,"ti","1","0","0"
"69","pl7","Não","Não","ferinhanv","evil","Blitarode","bli-ta-'ro-de","sim",2,0,1,"bl","1","0","1"
"70","pl9","Não","Não","ferinhanv","evil","Depotulo","de-po-'tu-lo","sim",1,0,1,"de","1","0","1"
"71","pl13","Não","Não","ferinhanv","evil","Gardo","gaR-do","sim",2,0,0,"ga","1","0","0"
"72","pl14","Não","Não","ferinhanv","evil","Îagûara","√Æa-'g√ªa-ra","sim",1,0,0,"√Æ","1","0","0"
"73","pl17","Não","Não","ferinhanv","evil","Camorer","ka-mo-'reR","sim",0,0,1,"ka","0","0","1"
"74","pl18","Não","Não","ferinhanv","evil","Iau","i-'aw","sim",0,0,0,"i-","0","0","0"
"75","pl19","Não","Não","ferinhanv","evil","Dufete","du-'fe-te","sim",1,0,0,"du","1","0","0"
"76","pl21","Não","Não","ferinhanv","evil","Chitarim","Si-ta-'r~i","sim",0,1,0,"Si","0","1","0"
"77","pl25","Não","Não","ferinhanv","evil","Crax","kraS","sim",0,1,0,"kr","0","1","0"
"78","pl1","Não","Não","lilasinhov","voador","Fal","faw","sim",0,0,0,"fa","0","0","0"
"79","pl4","Não","Não","lilasinhov","voador","biborla","bi-'boR-la","sim",2,0,2,"bi","1","0","1"
"80","pl5","Não","Não","lilasinhov","voador","Flíu","fli-u","sim",0,0,0,"fl","0","0","0"
"81","pl7","Não","Não","lilasinhov","voador","Minsir","m~i-'siR","sim",0,1,1,"m~","0","1","1"
"82","pl9","Não","Não","lilasinhov","voador","Buznae","bus-'na-e","sim",1,1,1,"bu","1","1","1"
"83","pl13","Não","Não","lilasinhov","voador","Vessa","ve-sa","sim",1,1,0,"ve","1","1","0"
"84","pl14","Não","Não","lilasinhov","voador","banã","ba-'n~a","sim",1,0,1,"ba","1","0","1"
"85","pl17","Não","Não","lilasinhov","voador","Biti","bi-'ti","sim",1,0,1,"bi","1","0","1"
"86","pl18","Não","Não","lilasinhov","voador","Biz","bis","sim",1,1,1,"bi","1","1","1"
"87","pl19","Não","Não","lilasinhov","voador","Libure","li-'bu-re","sim",1,0,1,"li","1","0","1"
"88","pl20","Não","Não","lilasinhov","voador","Nandar","n~a-'daR","sim",1,0,0,"n~","1","0","0"
"89","pl21","Não","Não","lilasinhov","voador","Mauliem","maw-'li-~e","sim",0,0,1,"ma","0","0","1"
"90","pl23","Não","Não","lilasinhov","voador","Marbon","maR-b~o","sim",1,0,2,"ma","1","0","1"
"91","pl25","Não","Não","lilasinhov","voador","Zilia","zi-'lia","sim",1,0,0,"zi","1","0","0"
"92","pl26","Não","Não","lilasinhov","voador","Bartarina","baR-ta-'ri-na","sim",1,0,1,"ba","1","0","1"
"93","pl1","Não","Não","branquinhov","voador","Iquiqui","i-ki-'ki","sim",0,0,0,"i-","0","0","0"
"94","pl2","Não","Não","branquinhov","voador","Laux","lawS","sim",0,1,0,"la","0","1","0"
"95","pl3","Não","Não","branquinhov","voador","Gito","Zi-to","sim",1,0,0,"Zi","1","0","0"
"96","pl7","Não","Não","branquinhov","voador","Suboril","su-bo-'riw","sim",1,1,1,"su","1","1","1"
"97","pl9","Não","Não","branquinhov","voador","Ninbelive","n~i-be-'li-ve","sim",2,0,1,"n~","1","0","1"
"98","pl13","Não","Não","branquinhov","voador","Talilu","ta-li-'lu","sim",0,0,0,"ta","0","0","0"
"99","pl17","Não","Não","branquinhov","voador","Argon","aR-g~o","sim",1,0,0,"aR","1","0","0"
"100","pl18","Não","Não","branquinhov","voador","Bu","bu","sim",1,0,1,"bu","1","0","1"
"101","pl19","Não","Não","branquinhov","voador","Matrivi","ma-tri-'vi","sim",1,0,1,"ma","1","0","1"
"102","pl20","Não","Não","branquinhov","voador","Unial","u-ni-'aw","sim",0,0,0,"u-","0","0","0"
"103","pl21","Não","Não","branquinhov","voador","Tátique","ta-ti-ke","sim",0,0,0,"ta","0","0","0"
"104","pl23","Não","Não","branquinhov","voador","Equeni","e-ke-'ni","sim",0,0,0,"e-","0","0","0"
"105","pl25","Não","Não","branquinhov","voador","Grustinque","grus-'t~i-ke","sim",1,1,0,"gr","1","1","0"
"106","pl26","Não","Não","branquinhov","voador","Gaspo","gas-po","sim",1,1,1,"ga","1","1","1"
"107","pl1","Não","Não","laranjinhav","voador","Pimo","pi-mo","sim",0,0,2,"pi","0","0","1"
"108","pl2","Não","Não","laranjinhav","voador","Pope","po-pe","sim",0,0,2,"po","0","0","1"
"109","pl3","Não","Não","laranjinhav","voador","Caxu","ka-'Su","sim",0,1,0,"ka","0","1","0"
"110","pl4","Não","Não","laranjinhav","voador","galila","ga-'li-la","sim",1,0,0,"ga","1","0","0"
"111","pl5","Não","Não","laranjinhav","voador","Forrange","fo-'h~a-Ze","sim",1,0,0,"fo","1","0","0"
"112","pl9","Não","Não","laranjinhav","voador","Potafui","po-ta-'fuj","sim",0,0,1,"po","0","0","1"
"113","pl13","Não","Não","laranjinhav","voador","Piraca","pi-'ra-ka","sim",0,0,1,"pi","0","0","1"
"114","pl14","Não","Não","laranjinhav","voador","Calapalo","ka-la-'pa-lo","sim",0,0,1,"ka","0","0","1"
"115","pl17","Não","Não","laranjinhav","voador","Picor","pi-'koR","sim",0,0,1,"pi","0","0","1"
"116","pl19","Não","Não","laranjinhav","voador","Odezu","o-de-'zu","sim",2,0,0,"o-","1","0","0"
"117","pl20","Não","Não","laranjinhav","voador","Combalio","k~o-ba-'lio","sim",1,0,1,"k~","1","0","1"
"118","pl21","Não","Não","laranjinhav","voador","Lariem","la-'ri-~e","sim",0,0,0,"la","0","0","0"
"119","pl23","Não","Não","laranjinhav","voador","Paiforé","paj-fo-'re","sim",0,0,1,"pa","0","0","1"
"120","pl25","Não","Não","laranjinhav","voador","Arim","a-'r~i","sim",0,0,0,"a-","0","0","0"
"121","pl1","Não","Não","ursinhonv","evil","Crate","kra-te","sim",0,0,0,"kr","0","0","0"
"122","pl3","Não","Não","ursinhonv","evil","Voltron","vow-tr~o","sim",1,0,0,"vo","1","0","0"
"123","pl7","Não","Não","ursinhonv","evil","Bodarem","bo-'da-r~e","sim",2,0,1,"bo","1","0","1"
"124","pl9","Não","Não","ursinhonv","evil","Ingualidre","~i-gwa-'li-dre","sim",2,0,0,"~i","1","0","0"
"125","pl13","Não","Não","ursinhonv","evil","Banto","b~a-to","sim",1,0,1,"b~","1","0","1"
"126","pl17","Não","Não","ursinhonv","evil","Grolor","gro-'loR","sim",1,0,0,"gr","1","0","0"
"127","pl18","Não","Não","ursinhonv","evil","Po","po","sim",0,0,1,"po","0","0","1"
"128","pl19","Não","Não","ursinhonv","evil","Geti","Ze-'ti","sim",1,0,0,"Ze","1","0","0"
"129","pl21","Não","Não","ursinhonv","evil","Clôvou","klo-vow","sim",1,0,0,"kl","1","0","0"
"130","pl26","Não","Não","ursinhonv","evil","Licampo","li-'k~a-po","sim",0,0,1,"li","0","0","1"
"131","pl1","Não","Não","cobrinhanv","evil","Sissiki","si-si-'ki","sim",0,2,0,"si","0","1","0"
"132","pl3","Não","Não","cobrinhanv","evil","Sibena","si-'be-na","sim",1,1,1,"si","1","1","1"
"133","pl4","Não","Não","cobrinhanv","evil","colila","ko-'li-la","sim",0,0,0,"ko","0","0","0"
"134","pl7","Não","Não","cobrinhanv","evil","Sontil","s~o-'tiw","sim",0,1,0,"s~","0","1","0"
"135","pl9","Não","Não","cobrinhanv","evil","Tridezu","tri-de-'zu","sim",2,0,0,"tr","1","0","0"
"136","pl13","Não","Não","cobrinhanv","evil","Sadi","sa-'di","sim",1,1,0,"sa","1","1","0"
"137","pl14","Não","Não","cobrinhanv","evil","Malé","ma-'le","sim",0,0,1,"ma","0","0","1"
"138","pl17","Não","Não","cobrinhanv","evil","Verper","veR-'peR","sim",1,0,1,"ve","1","0","1"
"139","pl18","Não","Não","cobrinhanv","evil","Shi","Si","sim",0,1,0,"Si","0","1","0"
"140","pl19","Não","Não","cobrinhanv","evil","Fligue","fli-ge","sim",1,0,0,"fl","1","0","0"
"141","pl20","Não","Não","cobrinhanv","evil","Saneda","sa-'ne-da","sim",1,1,0,"sa","1","1","0"
"142","pl21","Não","Não","cobrinhanv","evil","Zabratir","za-bra-'tiR","sim",2,0,1,"za","1","0","1"
"143","pl23","Não","Não","cobrinhanv","evil","Sarsofi","saR-so-'fi","sim",0,2,0,"sa","0","1","0"
"144","pl26","Não","Não","cobrinhanv","evil","Mututu","mu-tu-'tu","sim",0,0,1,"mu","0","0","1"
"145","pl1","Não","Não","louquinhonv","evil","Jinom","Zi-n~o","sim",1,0,0,"Zi","1","0","0"
"146","pl2","Não","Não","louquinhonv","evil","Rambol","h~a-'bow","sim",1,0,1,"h~","1","0","1"
"147","pl3","Não","Não","louquinhonv","evil","Estraque","es-'tra-ke","sim",0,1,0,"es","0","1","0"
"148","pl4","Não","Não","louquinhonv","evil","mamatu","ma-ma-'tu","sim",0,0,2,"ma","0","0","1"
"149","pl5","Não","Não","louquinhonv","evil","Bombanar","b~o-ba-'naR","sim",2,0,2,"b~","1","0","1"
"150","pl7","Não","Não","louquinhonv","evil","Temora","te-'mo-ra","sim",0,0,1,"te","0","0","1"
"151","pl9","Não","Não","louquinhonv","evil","Boprefone","bo-pre-'fo-ne","sim",1,0,2,"bo","1","0","1"
"152","pl13","Não","Não","louquinhonv","evil","padu","pa-'du","sim",1,0,1,"pa","1","0","1"
"153","pl14","Não","Não","louquinhonv","evil","Timbo","t~i-bo","sim",1,0,1,"t~","1","0","1"
"154","pl17","Não","Não","louquinhonv","evil","Razeror","ha-ze-'roR","sim",1,0,0,"ha","1","0","0"
"155","pl19","Não","Não","louquinhonv","evil","Murá","mu-'ra","sim",0,0,1,"mu","0","0","1"
"156","pl20","Não","Não","louquinhonv","evil","Omaneda","o-ma-'ne-da","sim",1,0,1,"o-","1","0","1"
"157","pl21","Não","Não","louquinhonv","evil","Quifatirde","ki-fa-'tiR-de","sim",1,0,0,"ki","1","0","0"
"158","pl23","Não","Não","louquinhonv","evil","Drorico","dro-'ri-ko","sim",1,0,0,"dr","1","0","0"
"159","pl25","Não","Não","louquinhonv","evil","xitozino","Si-to-'zi-no","sim",1,1,0,"Si","1","1","0"
"160","pl26","Não","Não","louquinhonv","evil","Horra","o-ha","sim",0,0,0,"o-","0","0","0"
"161","pl3","Não","Não","canhaozinhonv","evil","Dilfor","diw-'foR","sim",1,0,0,"di","1","0","0"
"162","pl4","Não","Não","canhaozinhonv","evil","dinato","di-'na-to","sim",1,0,0,"di","1","0","0"
"163","pl5","Não","Não","canhaozinhonv","evil","Satêro","sa-'te-ro","sim",0,1,0,"sa","0","1","0"
"164","pl9","Não","Não","canhaozinhonv","evil","Foline","fo-'li-ne","sim",0,0,0,"fo","0","0","0"
"165","pl13","Não","Não","canhaozinhonv","evil","Goufo","gow-fo","sim",1,0,0,"go","1","0","0"
"166","pl14","Não","Não","canhaozinhonv","evil","Petoca","pe-'to-ka","sim",0,0,1,"pe","0","0","1"
"167","pl17","Não","Não","canhaozinhonv","evil","Ferbol","feR-'bow","sim",1,0,1,"fe","1","0","1"
"168","pl19","Não","Não","canhaozinhonv","evil","Dijale","di-'Za-le","sim",2,0,0,"di","1","0","0"
"169","pl20","Não","Não","canhaozinhonv","evil","Canou","ka-'now","sim",0,0,0,"ka","0","0","0"
"170","pl21","Não","Não","canhaozinhonv","evil","Volebom","vo-'le-b~o","sim",2,0,1,"vo","1","0","1"
"171","pl25","Não","Não","canhaozinhonv","evil","babadunco","ba-ba-'d~u-ko","sim",3,0,2,"ba","1","0","1"
"172","pl26","Não","Não","canhaozinhonv","evil","Bomfa","b~o-fa","sim",1,0,1,"b~","1","0","1"
"173","pl1","Não","Não","lobinhonv","evil","Nulu","nu-'lu","sim",0,0,0,"nu","0","0","0"
"174","pl2","Não","Não","lobinhonv","evil","Lutare","lu-'ta-re","sim",0,0,0,"lu","0","0","0"
"175","pl3","Não","Não","lobinhonv","evil","Glarien","gla-'ri-~e","sim",1,0,0,"gl","1","0","0"
"176","pl4","Não","Não","lobinhonv","evil","tigarei","ti-ga-'rej","sim",1,0,0,"ti","1","0","0"
"177","pl7","Não","Não","lobinhonv","evil","Andecil","~a-de-'siw","sim",1,1,0,"~a","1","1","0"
"178","pl18","Não","Não","lobinhonv","evil","Un","~u","sim",0,0,0,"~u","0","0","0"
"179","pl19","Não","Não","lobinhonv","evil","Anedur","a-ne-'duR","sim",1,0,0,"a-","1","0","0"
"180","pl21","Não","Não","lobinhonv","evil","Koleom","ko-'le-~o","sim",0,0,0,"ko","0","0","0"
"181","pl23","Não","Não","lobinhonv","evil","Carmeúna","kaR-me-'u-na","sim",0,0,1,"ka","0","0","1"
"182","pl25","Não","Não","lobinhonv","evil","ianci","i-~a-'si","sim",0,1,0,"i-","0","1","0"
"183","pl26","Não","Não","lobinhonv","evil","Erveristo","eR-ve-'ris-to","sim",1,1,0,"eR","1","1","0"
"184","pl1","Não","Não","franjinhav","voador","Velta","vew-ta","sim",1,0,0,"ve","1","0","0"
"185","pl2","Não","Não","franjinhav","voador","Arsel","aR-'sew","sim",0,1,0,"aR","0","1","0"
"186","pl3","Não","Não","franjinhav","voador","Vipago","vi-'pa-go","sim",2,0,1,"vi","1","0","1"
"187","pl4","Não","Não","franjinhav","voador","patabu","pa-ta-'bu","sim",1,0,2,"pa","1","0","1"
"188","pl5","Não","Não","franjinhav","voador","Plaira","plaj-ra","sim",0,0,1,"pl","0","0","1"
"189","pl7","Não","Não","franjinhav","voador","Surimor","su-ri-'moR","sim",0,1,1,"su","0","1","1"
"190","pl9","Não","Não","franjinhav","voador","Retoluni","he-to-lu-'ni","sim",0,0,0,"he","0","0","0"
"191","pl13","Não","Não","franjinhav","voador","Marjo","maR-Zo","sim",1,0,1,"ma","1","0","1"
"192","pl14","Não","Não","franjinhav","voador","Asacalopi","a-za-ka-lo-'pi","sim",1,0,1,"a-","1","0","1"
"193","pl17","Não","Não","franjinhav","voador","Froyor","frojoR","sim",0,0,0,"fr","0","0","0"
"194","pl18","Não","Não","franjinhav","voador","Flin","fl~i","sim",0,0,0,"fl","0","0","0"
"195","pl19","Não","Não","franjinhav","voador","Colote","ko-'lo-te","sim",0,0,0,"ko","0","0","0"
"196","pl21","Não","Não","franjinhav","voador","Marvebate","maR-ve-'ba-te","sim",2,0,2,"ma","1","0","1"
"197","pl23","Não","Não","franjinhav","voador","Venpora","v~e-'po-ra","sim",1,0,1,"v~","1","0","1"
"198","pl25","Não","Não","franjinhav","voador","Estrix","es-triS","sim",0,2,0,"es","0","1","0"
"199","pl26","Não","Não","franjinhav","voador","Tuca","tu-ka","sim",0,0,0,"tu","0","0","0"
"200","pl1","Não","Não","escurinhov","voador","Piau","pi-'aw","sim",0,0,1,"pi","0","0","1"
"201","pl3","Não","Não","escurinhov","voador","Zuzi","zu-'zi","sim",2,0,0,"zu","1","0","0"
"202","pl4","Não","Não","escurinhov","voador","pituval","pi-tu-'vaw","sim",1,0,1,"pi","1","0","1"
"203","pl5","Não","Não","escurinhov","voador","Fikito","fi-'ki-to","sim",0,0,0,"fi","0","0","0"
"204","pl7","Não","Não","escurinhov","voador","Peticorde","pe-ti-'koR-de","sim",1,0,1,"pe","1","0","1"
"205","pl9","Não","Não","escurinhov","voador","Zigame","zi-'ga-me","sim",2,0,1,"zi","1","0","1"
"206","pl13","Não","Não","escurinhov","voador","Vocisa","vo-'si-za","sim",2,1,0,"vo","1","1","0"
"207","pl17","Não","Não","escurinhov","voador","Pernifar","peR-ni-'faR","sim",0,0,1,"pe","0","0","1"
"208","pl19","Não","Não","escurinhov","voador","Dilu","di-'lu","sim",1,0,0,"di","1","0","0"
"209","pl20","Não","Não","escurinhov","voador","Felo","fe-lo","sim",0,0,0,"fe","0","0","0"
"210","pl21","Não","Não","escurinhov","voador","Niquitri","ni-ki-'tri","sim",0,0,0,"ni","0","0","0"
"211","pl25","Não","Não","escurinhov","voador","piazia","pi-a-'zia","sim",1,0,1,"pi","1","0","1"
"212","pl26","Não","Não","escurinhov","voador","Sovim","so-'v~i","sim",1,1,0,"so","1","1","0"
"213","pl1","Não","Não","cinzazinhov","voador","Ponkio","p~o-'kio","sim",0,0,1,"p~","0","0","1"
"214","pl2","Não","Não","cinzazinhov","voador","Fifi","fi-'fi","sim",0,0,0,"fi","0","0","0"
"215","pl3","Não","Não","cinzazinhov","voador","Palter","paw-'teR","sim",0,0,1,"pa","0","0","1"
"216","pl4","Não","Não","cinzazinhov","voador","pituvei","pi-tu-'vej","sim",1,0,1,"pi","1","0","1"
"217","pl5","Não","Não","cinzazinhov","voador","Sontêro","s~o-'te-ro","sim",0,1,0,"s~","0","1","0"
"218","pl9","Não","Não","cinzazinhov","voador","Cotufola","ko-tu-'fo-la","sim",0,0,0,"ko","0","0","0"
"219","pl13","Não","Não","cinzazinhov","voador","Goritu","go-ri-'tu","sim",1,0,0,"go","1","0","0"
"220","pl14","Não","Não","cinzazinhov","voador","Sanhaço","sa-'Na-so","sim",0,2,0,"sa","0","1","0"
"221","pl17","Não","Não","cinzazinhov","voador","Bulia","bu-'lia","sim",1,0,1,"bu","1","0","1"
"222","pl18","Não","Não","cinzazinhov","voador","Juru","Zu-'ru","sim",1,0,0,"Zu","1","0","0"
"223","pl19","Não","Não","cinzazinhov","voador","Tressazo","tre-'sa-zo","sim",1,1,0,"tr","1","1","0"
"224","pl21","Não","Não","cinzazinhov","voador","Plumim","plu-'m~i","sim",0,0,2,"pl","0","0","1"
"225","pl25","Não","Não","cinzazinhov","voador","esclote","es-'klo-te","sim",0,1,0,"es","0","1","0"
"226","pl26","Não","Não","cinzazinhov","voador","Jutato","Zu-'ta-to","sim",1,0,0,"Zu","1","0","0"
"227","pl1","Não","Não","tourinhonv","evil","Mulunco","mu-'l~u-ko","sim",0,0,1,"mu","0","0","1"
"228","pl2","Não","Não","tourinhonv","evil","Drau","draw","sim",1,0,0,"dr","1","0","0"
"229","pl3","Não","Não","tourinhonv","evil","Controgo","k~o-'tro-go","sim",1,0,0,"k~","1","0","0"
"230","pl4","Não","Não","tourinhonv","evil","bonare","bo-'na-re","sim",1,0,1,"bo","1","0","1"
"231","pl5","Não","Não","tourinhonv","evil","Fansso","f~a-so","sim",0,1,0,"f~","0","1","0"
"232","pl7","Não","Não","tourinhonv","evil","Horetom","o-'re-t~o","sim",0,0,0,"o-","0","0","0"
"233","pl9","Não","Não","tourinhonv","evil","Utolune","u-to-'lu-ne","sim",0,0,0,"u-","0","0","0"
"234","pl13","Não","Não","tourinhonv","evil","Toripe","to-'ri-pe","sim",0,0,1,"to","0","0","1"
"235","pl17","Não","Não","tourinhonv","evil","Turefi","tu-re-'fi","sim",0,0,0,"tu","0","0","0"
"236","pl19","Não","Não","tourinhonv","evil","Udugi","u-du-'Zi","sim",2,0,0,"u-","1","0","0"
"237","pl21","Não","Não","tourinhonv","evil","Traumôs","traw-'mos","sim",0,1,1,"tr","0","1","1"
"238","pl25","Não","Não","tourinhonv","evil","vunlaris","v~u-la-'ris","sim",1,1,0,"v~","1","1","0"
"239","pl26","Não","Não","tourinhonv","evil","Pustamante","pus-ta-'m~a-te","sim",0,1,2,"pu","0","1","1"
"240","pl1","Não","Não","azulzinhov","voador","Sanisse","sa-'ni-se","sim",0,2,0,"sa","0","1","0"
"241","pl2","Não","Não","azulzinhov","voador","Farsil","faR-'siw","sim",0,1,0,"fa","0","1","0"
"242","pl3","Não","Não","azulzinhov","voador","Rizal","hi-'zaw","sim",1,0,0,"hi","1","0","0"
"243","pl4","Não","Não","azulzinhov","voador","gavitau","ga-vi-'taw","sim",2,0,0,"ga","1","0","0"
"244","pl5","Não","Não","azulzinhov","voador","Griar","gri-'aR","sim",1,0,0,"gr","1","0","0"
"245","pl7","Não","Não","azulzinhov","voador","Zumberil","z~u-be-'riw","sim",2,0,1,"z~","1","0","1"
"246","pl9","Não","Não","azulzinhov","voador","Adrofinal","a-dro-fi-'naw","sim",1,0,0,"a-","1","0","0"
"247","pl17","Não","Não","azulzinhov","voador","Guacro","gwa-kro","sim",1,0,0,"gw","1","0","0"
"248","pl19","Não","Não","azulzinhov","voador","Ojago","o-'Za-go","sim",2,0,0,"o-","1","0","0"
"249","pl20","Não","Não","azulzinhov","voador","Emper","~e-'peR","sim",0,0,1,"~e","0","0","1"
"250","pl23","Não","Não","azulzinhov","voador","Peanabá","pe-a-na-'ba","sim",1,0,2,"pe","1","0","1"
"251","pl26","Não","Não","azulzinhov","voador","Cormomo","koR-'mo-mo","sim",0,0,2,"ko","0","0","1"
"252","pl1","Não","Não","amarelinhov","voador","Sulo","su-lo","sim",0,1,0,"su","0","1","0"
"253","pl2","Não","Não","amarelinhov","voador","Dodo","do-do","sim",2,0,0,"do","1","0","0"
"254","pl3","Não","Não","amarelinhov","voador","Esma","es-ma","sim",0,1,1,"es","0","1","1"
"255","pl4","Não","Não","amarelinhov","voador","patuve","pa-'tu-ve","sim",1,0,1,"pa","1","0","1"
"256","pl5","Não","Não","amarelinhov","voador","Rapito","ha-'pi-to","sim",0,0,1,"ha","0","0","1"
"257","pl7","Não","Não","amarelinhov","voador","Sucareto","su-ka-'re-to","sim",0,1,0,"su","0","1","0"
"258","pl9","Não","Não","amarelinhov","voador","Vofrena","vo-'fre-na","sim",1,0,0,"vo","1","0","0"
"259","pl13","Não","Não","amarelinhov","voador","Pati","pa-'ti","sim",0,0,1,"pa","0","0","1"
"260","pl17","Não","Não","amarelinhov","voador","Tilnas","tiw-nas","sim",0,1,0,"ti","0","1","0"
"261","pl18","Não","Não","amarelinhov","voador","Citru","si-'tru","sim",0,1,0,"si","0","1","0"
"262","pl19","Não","Não","amarelinhov","voador","Nedebu","ne-de-'bu","sim",2,0,1,"ne","1","0","1"
"263","pl21","Não","Não","amarelinhov","voador","Traquiti","tra-ki-'ti","sim",0,0,0,"tr","0","0","0"
"264","pl26","Não","Não","amarelinhov","voador","Bazca","bas-ka","sim",1,1,1,"ba","1","1","1"
"265","pl2.4","Não","Não","violetinhav","voador","Bondumo","b~o-'du-mo","sim",2,0,2,"b~","1","0","1"
"266","pl2.7","Não","Não","violetinhav","voador","Gorgoto","goR-'go-to","sim",2,0,0,"go","1","0","0"
"267","pl2.8","Não","Não","violetinhav","voador","Homorcerio","o-moR-se-'rio","sim",0,1,1,"o-","0","1","1"
"268","pl2.12","Não","Não","violetinhav","voador","rotra","ho-tra","sim",0,0,0,"ho","0","0","0"
"269","pl2.16","Não","Não","violetinhav","voador","Pinpon","p~i-p~o","sim",0,0,2,"p~","0","0","1"
"270","pl2.17","Não","Não","violetinhav","voador","bololon","bo-'lo-l~o","sim",1,0,1,"bo","1","0","1"
"271","pl2.22","Não","Não","violetinhav","voador","Modaver","mo-da-'veR","sim",2,0,1,"mo","1","0","1"
"272","pl2.23","Não","Não","violetinhav","voador","Bôto","bo-to","sim",1,0,1,"bo","1","0","1"
"273","pl2.25","Não","Não","violetinhav","voador","Cítro","si-tro","sim",0,1,0,"si","0","1","0"
"274","pl2.26","Não","Não","violetinhav","voador","Jossor","Zo-'soR","sim",1,1,0,"Zo","1","1","0"
"275","pl2.28","Não","Não","violetinhav","voador","Moustaco","mows-'ta-ko","sim",0,1,1,"mo","0","1","1"
"276","pl2.4","Não","Não","besourinhonv","evil","Tupial","tu-pi-'aw","sim",0,0,1,"tu","0","0","1"
"277","pl2.7","Não","Não","besourinhonv","evil","Tatura","ta-'tu-ra","sim",0,0,0,"ta","0","0","0"
"278","pl2.12","Não","Não","besourinhonv","evil","fetol","fe-'tow","sim",0,0,0,"fe","0","0","0"
"279","pl2.16","Não","Não","besourinhonv","evil","Kuga","ku-ga","sim",1,0,0,"ku","1","0","0"
"280","pl2.17","Não","Não","besourinhonv","evil","tamandé","ta-m~a-'de","sim",1,0,1,"ta","1","0","1"
"281","pl2.18","Não","Não","besourinhonv","evil","Pocle","po-kle","sim",0,0,1,"po","0","0","1"
"282","pl2.22","Não","Não","besourinhonv","evil","Tamoja","ta-'mo-Za","sim",1,0,1,"ta","1","0","1"
"283","pl2.23","Não","Não","besourinhonv","evil","Priu","priw","sim",0,0,1,"pr","0","0","1"
"284","pl2.25","Não","Não","besourinhonv","evil","Lórpi","loR-pi","sim",0,0,1,"lo","0","0","1"
"285","pl2.26","Não","Não","besourinhonv","evil","Atamolion","a-ta-mo-'li-~o","sim",0,0,1,"a-","0","0","1"
"286","pl2.28","Não","Não","besourinhonv","evil","Katastan","ka-'tas-t~a","sim",0,1,0,"ka","0","1","0"
"287","pl2.29","Não","Não","besourinhonv","evil","Arzekar","aR-ze-'kaR","sim",1,0,0,"aR","1","0","0"
"288","pl2.30","Não","Não","besourinhonv","evil","Boroboro","bo-ro-'bo-ro","sim",2,0,2,"bo","1","0","1"
"289","pl2.4","Não","Não","demoniozinhonv","evil","Nekis","ne-'kis","sim",0,1,0,"ne","0","1","0"
"290","pl2.7","Não","Não","demoniozinhonv","evil","Sanderix","s~a-'de-riS","sim",1,2,0,"s~","1","1","0"
"291","pl2.8","Não","Não","demoniozinhonv","evil","Panguela","p~a-'ge-la","sim",1,0,1,"p~","1","0","1"
"292","pl2.12","Não","Não","demoniozinhonv","evil","esgro","es-gro","sim",1,1,0,"es","1","1","0"
"293","pl2.16","Não","Não","demoniozinhonv","evil","Esfety","es-'fe-ti","sim",0,1,0,"es","0","1","0"
"294","pl2.17","Não","Não","demoniozinhonv","evil","brati","bra-'ti","sim",1,0,1,"br","1","0","1"
"295","pl2.18","Não","Não","demoniozinhonv","evil","Betraven","be-'tra-v~e","sim",2,0,1,"be","1","0","1"
"296","pl2.22","Não","Não","demoniozinhonv","evil","Gomago","go-'ma-go","sim",2,0,1,"go","1","0","1"
"297","pl2.23","Não","Não","demoniozinhonv","evil","Catuí","ka-tu-'i","sim",0,0,0,"ka","0","0","0"
"298","pl2.25","Não","Não","demoniozinhonv","evil","Gorvinx","goR-'v~i-S","sim",2,1,0,"go","1","1","0"
"299","pl2.26","Não","Não","demoniozinhonv","evil","Endra","~e-dra","sim",1,0,0,"~e","1","0","0"
"300","pl2.28","Não","Não","demoniozinhonv","evil","Viporium","vi-po-ri-'~u","sim",1,0,1,"vi","1","0","1"
"301","pl2.29","Não","Não","demoniozinhonv","evil","Mombro","m~o-bro","sim",1,0,2,"m~","1","0","1"
"302","pl2.4","Não","Não","longuinhov","voador","Avaspi","a-vas-'pi","sim",1,1,1,"a-","1","1","1"
"303","pl2.7","Não","Não","longuinhov","voador","Taiter","taj-'teR","sim",0,0,0,"ta","0","0","0"
"304","pl2.8","Não","Não","longuinhov","voador","Poabe","po-'a-be","sim",1,0,2,"po","1","0","1"
"305","pl2.12","Não","Não","longuinhov","voador","pital","pi-'taw","sim",0,0,1,"pi","0","0","1"
"306","pl2.16","Não","Não","longuinhov","voador","Vupirayto","vu-'pi-rajto","sim",1,0,1,"vu","1","0","1"
"307","pl2.18","Não","Não","longuinhov","voador","Pervo","peR-vo","sim",1,0,1,"pe","1","0","1"
"308","pl2.22","Não","Não","longuinhov","voador","Tutululu","tu-tu-lu-'lu","sim",0,0,0,"tu","0","0","0"
"309","pl2.23","Não","Não","longuinhov","voador","Poró","po-'ro","sim",0,0,1,"po","0","0","1"
"310","pl2.26","Não","Não","longuinhov","voador","Jetosor","Ze-to-'zoR","sim",2,0,0,"Ze","1","0","0"
"311","pl2.28","Não","Não","longuinhov","voador","Bicunio","bi-ku-'nio","sim",1,0,1,"bi","1","0","1"
"312","pl2.30","Não","Não","longuinhov","voador","Piningo","pi-'n~i-go","sim",1,0,1,"pi","1","0","1"
"313","pl2.12","Não","Não","baleinhanv","evil","bafio","ba-'fio","sim",1,0,1,"ba","1","0","1"
"314","pl2.16","Não","Não","baleinhanv","evil","Cribelyta","kri-'be-lita","sim",1,0,1,"kr","1","0","1"
"315","pl2.17","Não","Não","baleinhanv","evil","bramix","bra-miS","sim",1,1,2,"br","1","1","1"
"316","pl2.18","Não","Não","baleinhanv","evil","Peroby","pe-'ro-bi","sim",1,0,2,"pe","1","0","1"
"317","pl2.23","Não","Não","baleinhanv","evil","Sekí","se-'ki","sim",0,1,0,"se","0","1","0"
"318","pl2.25","Não","Não","baleinhanv","evil","Ulubastro","u-lu-'bas-tro","sim",1,1,1,"u-","1","1","1"
"319","pl2.26","Não","Não","baleinhanv","evil","Groxoson","gro-'So-z~o","sim",2,1,0,"gr","1","1","0"
"320","pl2.28","Não","Não","baleinhanv","evil","Lavimar","la-vi-'maR","sim",1,0,1,"la","1","0","1"
"321","pl2.29","Não","Não","baleinhanv","evil","Mastrodix","mas-'tro-diS","sim",1,2,1,"ma","1","1","1"
"322","pl2.4","Não","Não","ferinhanv","evil","Sabratus","sa-bra-'tus","sim",1,2,1,"sa","1","1","1"
"323","pl2.7","Não","Não","ferinhanv","evil","Saibrer","saj-'breR","sim",1,1,1,"sa","1","1","1"
"324","pl2.8","Não","Não","ferinhanv","evil","Dentrineo","d~e-tri-'ne-o","sim",1,0,0,"d~","1","0","0"
"325","pl2.12","Não","Não","ferinhanv","evil","marfeu","maR-'few","sim",0,0,1,"ma","0","0","1"
"326","pl2.16","Não","Não","ferinhanv","evil","Buntoxi","b~u-to-'Si","sim",1,1,1,"b~","1","1","1"
"327","pl2.18","Não","Não","ferinhanv","evil","Febose","fe-'bo-ze","sim",2,0,1,"fe","1","0","1"
"328","pl2.22","Não","Não","ferinhanv","evil","Gabrindimar","ga-br~i-di-'maR","sim",3,0,2,"ga","1","0","1"
"329","pl2.25","Não","Não","ferinhanv","evil","Zarpéto","zaR-'pe-to","sim",1,0,1,"za","1","0","1"
"330","pl2.28","Não","Não","ferinhanv","evil","Grazene","gra-'ze-ne","sim",2,0,0,"gr","1","0","0"
"331","pl2.4","Não","Não","lilasinhov","voador","Banfli","b~a-'fli","sim",1,0,1,"b~","1","0","1"
"332","pl2.12","Não","Não","lilasinhov","voador","floque","flo-ke","sim",0,0,0,"fl","0","0","0"
"333","pl2.16","Não","Não","lilasinhov","voador","Vilumbria","vi-l~u-'bria","sim",2,0,1,"vi","1","0","1"
"334","pl2.17","Não","Não","lilasinhov","voador","tiriri","ti-ri-'ri","sim",0,0,0,"ti","0","0","0"
"335","pl2.18","Não","Não","lilasinhov","voador","Arniti","aR-ni-'ti","sim",0,0,0,"aR","0","0","0"
"336","pl2.22","Não","Não","lilasinhov","voador","Gogololou","go-go-lo-'low","sim",2,0,0,"go","1","0","0"
"337","pl2.23","Não","Não","lilasinhov","voador","Pozo","po-zo","sim",1,0,1,"po","1","0","1"
"338","pl2.25","Não","Não","lilasinhov","voador","Íbris","i-bris","sim",1,1,1,"i-","1","1","1"
"339","pl2.26","Não","Não","lilasinhov","voador","Flury","flu-ri","sim",0,0,0,"fl","0","0","0"
"340","pl2.28","Não","Não","lilasinhov","voador","Lilelulix","li-le-'lu-liS","sim",0,1,0,"li","0","1","0"
"341","pl2.29","Não","Não","lilasinhov","voador","Volvix","vow-viS","sim",2,1,0,"vo","1","1","0"
"342","pl2.4","Não","Não","branquinhov","voador","Ancuga","~a-'ku-ga","sim",1,0,0,"~a","1","0","0"
"343","pl2.7","Não","Não","branquinhov","voador","Braiver","braj-'veR","sim",2,0,1,"br","1","0","1"
"344","pl2.8","Não","Não","branquinhov","voador","Carinzido","ka-r~i-'zi-do","sim",2,0,0,"ka","1","0","0"
"345","pl2.12","Não","Não","branquinhov","voador","rafo","ha-fo","sim",0,0,0,"ha","0","0","0"
"346","pl2.17","Não","Não","branquinhov","voador","volus","vo-'lus","sim",1,1,0,"vo","1","1","0"
"347","pl2.18","Não","Não","branquinhov","voador","Lafuji","la-fu-'Zi","sim",1,0,0,"la","1","0","0"
"348","pl2.25","Não","Não","branquinhov","voador","Brapí","bra-'pi","sim",1,0,2,"br","1","0","1"
"349","pl2.26","Não","Não","branquinhov","voador","Miriato","mi-ri-'a-to","sim",0,0,1,"mi","0","0","1"
"350","pl2.4","Não","Não","laranjinhav","voador","Puvalu","pu-va-'lu","sim",1,0,1,"pu","1","0","1"
"351","pl2.7","Não","Não","laranjinhav","voador","Titito","ti-'ti-to","sim",0,0,0,"ti","0","0","0"
"352","pl2.8","Não","Não","laranjinhav","voador","Zarpori","zaR-po-'ri","sim",1,0,1,"za","1","0","1"
"353","pl2.12","Não","Não","laranjinhav","voador","tala","ta-la","sim",0,0,0,"ta","0","0","0"
"354","pl2.16","Não","Não","laranjinhav","voador","Xuitui","Suj-'tuj","sim",0,1,0,"Su","0","1","0"
"355","pl2.17","Não","Não","laranjinhav","voador","vitin","vi-'t~i","sim",1,0,0,"vi","1","0","0"
"356","pl2.18","Não","Não","laranjinhav","voador","Cotrue","ko-'tru-e","sim",0,0,0,"ko","0","0","0"
"357","pl2.22","Não","Não","laranjinhav","voador","Gogo","go-go","sim",2,0,0,"go","1","0","0"
"358","pl2.26","Não","Não","laranjinhav","voador","Perdacil","peR-da-'siw","sim",1,1,1,"pe","1","1","1"
"359","pl2.28","Não","Não","laranjinhav","voador","Ravenio","ha-ve-'nio","sim",1,0,0,"ha","1","0","0"
"360","pl2.29","Não","Não","laranjinhav","voador","Príniko","pri-ni-ko","sim",0,0,1,"pr","0","0","1"
"361","pl2.4","Não","Não","ursinhonv","evil","Uruloco","u-ru-'lo-ko","sim",0,0,0,"u-","0","0","0"
"362","pl2.7","Não","Não","ursinhonv","evil","Linobu","li-no-'bu","sim",1,0,1,"li","1","0","1"
"363","pl2.12","Não","Não","ursinhonv","evil","aquogo","a-'qu-ogo","sim",1,0,0,"a-","1","0","0"
"364","pl2.16","Não","Não","ursinhonv","evil","Huzu","u-'zu","sim",1,0,0,"u-","1","0","0"
"365","pl2.17","Não","Não","ursinhonv","evil","lemus","le-'mus","sim",0,1,1,"le","0","1","1"
"366","pl2.18","Não","Não","ursinhonv","evil","Motove","mo-'to-ve","sim",1,0,1,"mo","1","0","1"
"367","pl2.23","Não","Não","ursinhonv","evil","Bubá","bu-'ba","sim",2,0,2,"bu","1","0","1"
"368","pl2.25","Não","Não","ursinhonv","evil","Mondûr","m~o-'d√ªR","sim",1,0,1,"m~","1","0","1"
"369","pl2.26","Não","Não","ursinhonv","evil","Rufalu","hu-fa-'lu","sim",0,0,0,"hu","0","0","0"
"370","pl2.4","Não","Não","cobrinhanv","evil","Sulipe","su-'li-pe","sim",0,1,1,"su","0","1","1"
"371","pl2.8","Não","Não","cobrinhanv","evil","Clena","kle-na","sim",0,0,0,"kl","0","0","0"
"372","pl2.12","Não","Não","cobrinhanv","evil","caral","ka-'raw","sim",0,0,0,"ka","0","0","0"
"373","pl2.17","Não","Não","cobrinhanv","evil","reidracon","hej-'dra-k~o","sim",1,0,0,"he","1","0","0"
"374","pl2.18","Não","Não","cobrinhanv","evil","Axarra","a-'Sa-ha","sim",0,1,0,"a-","0","1","0"
"375","pl2.23","Não","Não","cobrinhanv","evil","Dimbo","d~i-bo","sim",2,0,1,"d~","1","0","1"
"376","pl2.29","Não","Não","cobrinhanv","evil","Mobirix","mo-'bi-riS","sim",1,1,2,"mo","1","1","1"
"377","pl2.30","Não","Não","cobrinhanv","evil","Beterus","be-te-'rus","sim",1,1,1,"be","1","1","1"
"378","pl2.4","Não","Não","louquinhonv","evil","Dimonogua","di-mo-no-'gwa","sim",2,0,1,"di","1","0","1"
"379","pl2.7","Não","Não","louquinhonv","evil","Sharion","Sa-'ri-~o","sim",0,1,0,"Sa","0","1","0"
"380","pl2.8","Não","Não","louquinhonv","evil","Sababelo","sa-ba-'be-lo","sim",2,1,2,"sa","1","1","1"
"381","pl2.12","Não","Não","louquinhonv","evil","asto","as-to","sim",0,1,0,"as","0","1","0"
"382","pl2.16","Não","Não","louquinhonv","evil","Prugry","pru-gri","sim",1,0,1,"pr","1","0","1"
"383","pl2.17","Não","Não","louquinhonv","evil","guites","gi-tes","sim",1,1,0,"gi","1","1","0"
"384","pl2.18","Não","Não","louquinhonv","evil","Jutelo","Zu-'te-lo","sim",1,0,0,"Zu","1","0","0"
"385","pl2.23","Não","Não","louquinhonv","evil","Bimbu","b~i-'bu","sim",2,0,2,"b~","1","0","1"
"386","pl2.26","Não","Não","louquinhonv","evil","Magton","'ma-gi-t~o","sim",1,0,1,"'m","1","0","1"
"387","pl2.28","Não","Não","louquinhonv","evil","Sifante","si-'f~a-te","sim",0,1,0,"si","0","1","0"
"388","pl2.29","Não","Não","louquinhonv","evil","Bromoforme","bro-mo-'foR-me","sim",1,0,3,"br","1","0","1"
"389","pl2.4","Não","Não","canhaozinhonv","evil","Nofisco","no-'fis-ko","sim",0,1,0,"no","0","1","0"
"390","pl2.8","Não","Não","canhaozinhonv","evil","Monssotre","m~o-'so-tre","sim",0,1,1,"m~","0","1","1"
"391","pl2.12","Não","Não","canhaozinhonv","evil","fido","fi-do","sim",1,0,0,"fi","1","0","0"
"392","pl2.17","Não","Não","canhaozinhonv","evil","taleveco","ta-le-'ve-ko","sim",1,0,0,"ta","1","0","0"
"393","pl2.18","Não","Não","canhaozinhonv","evil","Kaluve","ka-'lu-ve","sim",1,0,0,"ka","1","0","0"
"394","pl2.22","Não","Não","canhaozinhonv","evil","Onbrolou","~o-bro-'low","sim",1,0,1,"~o","1","0","1"
"395","pl2.23","Não","Não","canhaozinhonv","evil","Fobal","fo-'baw","sim",1,0,1,"fo","1","0","1"
"396","pl2.26","Não","Não","canhaozinhonv","evil","Tamacon","ta-'ma-k~o","sim",0,0,1,"ta","0","0","1"
"397","pl2.30","Não","Não","canhaozinhonv","evil","Berrigor","be-hi-'goR","sim",2,0,1,"be","1","0","1"
"398","pl2.4","Não","Não","lobinhonv","evil","Cantugue","k~a-'tu-ge","sim",1,0,0,"k~","1","0","0"
"399","pl2.7","Não","Não","lobinhonv","evil","Espairer","es-paj-'reR","sim",0,1,1,"es","0","1","1"
"400","pl2.8","Não","Não","lobinhonv","evil","Labamio","la-ba-'mio","sim",1,0,2,"la","1","0","1"
"401","pl2.12","Não","Não","lobinhonv","evil","chotu","So-'tu","sim",0,1,0,"So","0","1","0"
"402","pl2.18","Não","Não","lobinhonv","evil","Tiadon","ti-'a-d~o","sim",1,0,0,"ti","1","0","0"
"403","pl2.23","Não","Não","lobinhonv","evil","Cavo","ka-vo","sim",1,0,0,"ka","1","0","0"
"404","pl2.25","Não","Não","lobinhonv","evil","Mugaxu","mu-ga-'Su","sim",1,1,1,"mu","1","1","1"
"405","pl2.26","Não","Não","lobinhonv","evil","Genan","Ze-n~a","sim",1,0,0,"Ze","1","0","0"
"406","pl2.28","Não","Não","lobinhonv","evil","Melene","me-'le-ne","sim",0,0,1,"me","0","0","1"
"407","pl2.29","Não","Não","lobinhonv","evil","Loukraken","low-'kra-k~e","sim",0,0,0,"lo","0","0","0"
"408","pl2.30","Não","Não","lobinhonv","evil","Lilse","liw-se","sim",0,1,0,"li","0","1","0"
"409","pl2.4","Não","Não","franjinhav","voador","Gonce","g~o-se","sim",1,1,0,"g~","1","1","0"
"410","pl2.7","Não","Não","franjinhav","voador","Saipur","saj-'puR","sim",0,1,1,"sa","0","1","1"
"411","pl2.12","Não","Não","franjinhav","voador","vuco","vu-ko","sim",1,0,0,"vu","1","0","0"
"412","pl2.16","Não","Não","franjinhav","voador","Guepento","ge-'p~e-to","sim",1,0,1,"ge","1","0","1"
"413","pl2.18","Não","Não","franjinhav","voador","Clesven","kles-v~e","sim",1,1,0,"kl","1","1","0"
"414","pl2.22","Não","Não","franjinhav","voador","Vavalavo","va-va-'la-vo","sim",3,0,0,"va","1","0","0"
"415","pl2.23","Não","Não","franjinhav","voador","Prebe","pre-be","sim",1,0,2,"pr","1","0","1"
"416","pl2.25","Não","Não","franjinhav","voador","Batrari","ba-tra-'ri","sim",1,0,1,"ba","1","0","1"
"417","pl2.26","Não","Não","franjinhav","voador","Ataman","a-'ta-m~a","sim",0,0,1,"a-","0","0","1"
"418","pl2.29","Não","Não","franjinhav","voador","Omorfo","o-'moR-fo","sim",0,0,1,"o-","0","0","1"
"419","pl2.30","Não","Não","franjinhav","voador","Zoroas","zo-'ro-as","sim",1,1,0,"zo","1","1","0"
"420","pl2.7","Não","Não","escurinhov","voador","Pinposhu","p~i-po-'Su","sim",0,1,2,"p~","0","1","1"
"421","pl2.8","Não","Não","escurinhov","voador","Pipolin","pi-po-'l~i","sim",0,0,2,"pi","0","0","1"
"422","pl2.12","Não","Não","escurinhov","voador","tolu","to-'lu","sim",0,0,0,"to","0","0","0"
"423","pl2.16","Não","Não","escurinhov","voador","Sozuty","so-'zu-ti","sim",1,1,0,"so","1","1","0"
"424","pl2.22","Não","Não","escurinhov","voador","Pipilopo","pi-pi-'lo-po","sim",0,0,3,"pi","0","0","1"
"425","pl2.25","Não","Não","escurinhov","voador","Lopací","lo-pa-'si","sim",0,1,1,"lo","0","1","1"
"426","pl2.26","Não","Não","escurinhov","voador","Guino","gi-no","sim",1,0,0,"gi","1","0","0"
"427","pl2.29","Não","Não","escurinhov","voador","Papural","pa-pu-'raw","sim",0,0,2,"pa","0","0","1"
"428","pl2.30","Não","Não","escurinhov","voador","Corohi","ko-'roj","sim",0,0,0,"ko","0","0","0"
"429","pl2.4","Não","Não","cinzazinhov","voador","Redune","he-'du-ne","sim",1,0,0,"he","1","0","0"
"430","pl2.7","Não","Não","cinzazinhov","voador","Piposter","pi-pos-'teR","sim",0,1,2,"pi","0","1","1"
"431","pl2.12","Não","Não","cinzazinhov","voador","tupa","tu-pa","sim",0,0,1,"tu","0","0","1"
"432","pl2.16","Não","Não","cinzazinhov","voador","Flemin","fle-'m~i","sim",0,0,1,"fl","0","0","1"
"433","pl2.17","Não","Não","cinzazinhov","voador","arcon","aR-k~o","sim",0,0,0,"aR","0","0","0"
"434","pl2.18","Não","Não","cinzazinhov","voador","Naken","na-k~e","sim",0,0,0,"na","0","0","0"
"435","pl2.25","Não","Não","cinzazinhov","voador","Ololáika","o-lo-'laj-ka","sim",0,0,0,"o-","0","0","0"
"436","pl2.26","Não","Não","cinzazinhov","voador","Parapor","pa-ra-'poR","sim",0,0,2,"pa","0","0","1"
"437","pl2.28","Não","Não","cinzazinhov","voador","Passardio","pa-saR-'dio","sim",1,1,1,"pa","1","1","1"
"438","pl2.29","Não","Não","cinzazinhov","voador","Parapiri","pa-ra-pi-'ri","sim",0,0,2,"pa","0","0","1"
"439","pl2.30","Não","Não","cinzazinhov","voador","Ucrucur","u-kru-'kuR","sim",0,0,0,"u-","0","0","0"
"440","pl2.4","Não","Não","tourinhonv","evil","Momboge","m~o-'bo-Ze","sim",2,0,2,"m~","1","0","1"
"441","pl2.7","Não","Não","tourinhonv","evil","Teitror","tej-'troR","sim",0,0,0,"te","0","0","0"
"442","pl2.8","Não","Não","tourinhonv","evil","Turozu","tu-ro-'zu","sim",1,0,0,"tu","1","0","0"
"443","pl2.12","Não","Não","tourinhonv","evil","curiu","ku-'riw","sim",0,0,0,"ku","0","0","0"
"444","pl2.16","Não","Não","tourinhonv","evil","Lytander","lit~a-'deR","sim",1,0,0,"li","1","0","0"
"445","pl2.17","Não","Não","tourinhonv","evil","crumus","kru-'mus","sim",0,1,1,"kr","0","1","1"
"446","pl2.18","Não","Não","tourinhonv","evil","Zeantro","ze-'~a-tro","sim",1,0,0,"ze","1","0","0"
"447","pl2.23","Não","Não","tourinhonv","evil","Taube","taw-be","sim",1,0,1,"ta","1","0","1"
"448","pl2.25","Não","Não","tourinhonv","evil","Portálo","poR-'ta-lo","sim",0,0,1,"po","0","0","1"
"449","pl2.26","Não","Não","tourinhonv","evil","Brutacon","bru-'ta-k~o","sim",1,0,1,"br","1","0","1"
"450","pl2.30","Não","Não","tourinhonv","evil","Herouba","e-'row-ba","sim",1,0,1,"e-","1","0","1"
"451","pl2.7","Não","Não","azulzinhov","voador","Peipershu","pej-peR-'Su","sim",0,1,2,"pe","0","1","1"
"452","pl2.12","Não","Não","azulzinhov","voador","tucu","tu-'ku","sim",0,0,0,"tu","0","0","0"
"453","pl2.16","Não","Não","azulzinhov","voador","Nilcriton","niw-'kri-t~o","sim",0,0,0,"ni","0","0","0"
"454","pl2.18","Não","Não","azulzinhov","voador","Barguetom","baR-'ge-t~o","sim",2,0,1,"ba","1","0","1"
"455","pl2.25","Não","Não","azulzinhov","voador","Balastro","ba-'las-tro","sim",1,1,1,"ba","1","1","1"
"456","pl2.26","Não","Não","azulzinhov","voador","Penauel","pe-'nawew","sim",0,0,1,"pe","0","0","1"
"457","pl2.30","Não","Não","azulzinhov","voador","Grasniakos","gras-ni-'a-kos","sim",1,2,0,"gr","1","1","0"
"458","pl2.4","Não","Não","amarelinhov","voador","Zimbres","z~i-bres","sim",2,1,1,"z~","1","1","1"
"459","pl2.7","Não","Não","amarelinhov","voador","Atlans","a-tl~as","sim",0,1,0,"a-","0","1","0"
"460","pl2.8","Não","Não","amarelinhov","voador","Razengi","ha-z~e-'Zi","sim",2,0,0,"ha","1","0","0"
"461","pl2.17","Não","Não","amarelinhov","voador","fortini","foR-ti-'ni","sim",0,0,0,"fo","0","0","0"
"462","pl2.18","Não","Não","amarelinhov","voador","Ceive","sej-ve","sim",1,1,0,"se","1","1","0"
"463","pl2.22","Não","Não","amarelinhov","voador","Bibilovo","bi-bi-'lo-vo","sim",3,0,2,"bi","1","0","1"
"464","pl2.23","Não","Não","amarelinhov","voador","Jamal","Za-'maw","sim",1,0,1,"Za","1","0","1"
"465","pl2.25","Não","Não","amarelinhov","voador","Garapí","ga-ra-'pi","sim",1,0,1,"ga","1","0","1"
"466","pl2.28","Não","Não","amarelinhov","voador","Ketrilix","ke-'tri-liS","sim",0,1,0,"ke","0","1","0"
"467","pl3.5","Não","Não","violetinhav","voador","Mobe","mo-be","sim",1,0,2,"mo","1","0","1"
"468","pl3.6","Não","Não","violetinhav","voador","Labúrite","la-'bu-ri-te","sim",1,0,1,"la","1","0","1"
"469","pl3.13","Não","Não","violetinhav","voador","folucio","fo-lu-'sio","sim",0,1,0,"fo","0","1","0"
"470","pl3.14","Não","Não","violetinhav","voador","fogode","fo-'go-de","sim",2,0,0,"fo","1","0","0"
"471","pl3.17","Não","Não","violetinhav","voador","Sulpa","suw-pa","sim",0,1,1,"su","0","1","1"
"472","pl3.18","Não","Não","violetinhav","voador","Prilam","pri-l~a","sim",0,0,1,"pr","0","0","1"
"473","pl3.19","Não","Não","violetinhav","voador","Sarango","sa-'r~a-go","sim",1,1,0,"sa","1","1","0"
"474","pl3.20","Não","Não","violetinhav","voador","Vunico","vu-'ni-ko","sim",1,0,0,"vu","1","0","0"
"475","pl3.22","Não","Não","violetinhav","voador","Velego","ve-'le-go","sim",2,0,0,"ve","1","0","0"
"476","pl3.23","Não","Não","violetinhav","voador","Batrix","ba-triS","sim",1,1,1,"ba","1","1","1"
"477","pl3.24","Não","Não","violetinhav","voador","golado","go-'la-do","sim",2,0,0,"go","1","0","0"
"478","pl3.25","Não","Não","violetinhav","voador","vego","ve-go","sim",2,0,0,"ve","1","0","0"
"479","pl3.27","Não","Não","violetinhav","voador","Potlo","po-tlo","sim",0,0,1,"po","0","0","1"
"480","pl3.28","Não","Não","violetinhav","voador","corsaco","koR-'sa-ko","sim",0,1,0,"ko","0","1","0"
"481","pl3.2","Não","Não","besourinhonv","evil","tati","ta-'ti","sim",0,0,0,"ta","0","0","0"
"482","pl3.5","Não","Não","besourinhonv","evil","Caru","ka-'ru","sim",0,0,0,"ka","0","0","0"
"483","pl3.6","Não","Não","besourinhonv","evil","Nambiriu","n~a-bi-'riw","sim",1,0,1,"n~","1","0","1"
"484","pl3.13","Não","Não","besourinhonv","evil","ninvala","n~i-'va-la","sim",1,0,0,"n~","1","0","0"
"485","pl3.14","Não","Não","besourinhonv","evil","betaso","be-'ta-zo","sim",2,0,1,"be","1","0","1"
"486","pl3.17","Não","Não","besourinhonv","evil","Zabunta","za-'b~u-ta","sim",2,0,1,"za","1","0","1"
"487","pl3.18","Não","Não","besourinhonv","evil","Míniro","mi-ni-ro","sim",0,0,1,"mi","0","0","1"
"488","pl3.19","Não","Não","besourinhonv","evil","Tauto","taw-to","sim",0,0,0,"ta","0","0","0"
"489","pl3.20","Não","Não","besourinhonv","evil","Zepeites","ze-'pej-tes","sim",1,1,1,"ze","1","1","1"
"490","pl3.22","Não","Não","besourinhonv","evil","Bragaroi","bra-ga-'roj","sim",2,0,1,"br","1","0","1"
"491","pl3.24","Não","Não","besourinhonv","evil","degazi","de-ga-'zi","sim",3,0,0,"de","1","0","0"
"492","pl3.25","Não","Não","besourinhonv","evil","goche","go-Se","sim",1,1,0,"go","1","1","0"
"493","pl3.26","Não","Não","besourinhonv","evil","Turtien","tuR-'ti-~e","sim",0,0,0,"tu","0","0","0"
"494","pl3.27","Não","Não","besourinhonv","evil","Buzi","bu-'zi","sim",2,0,1,"bu","1","0","1"
"495","pl3.28","Não","Não","besourinhonv","evil","zaraban","za-'ra-b~a","sim",2,0,1,"za","1","0","1"
"496","pl3.1","Não","Não","demoniozinhonv","evil","rexo","he-So","sim",0,1,0,"he","0","1","0"
"497","pl3.2","Não","Não","demoniozinhonv","evil","fêgo","fe-go","sim",1,0,0,"fe","1","0","0"
"498","pl3.5","Não","Não","demoniozinhonv","evil","Pane","pa-ne","sim",0,0,1,"pa","0","0","1"
"499","pl3.6","Não","Não","demoniozinhonv","evil","Borôtro","bo-'ro-tro","sim",1,0,1,"bo","1","0","1"
"500","pl3.13","Não","Não","demoniozinhonv","evil","crieda","kri-'e-da","sim",1,0,0,"kr","1","0","0"
"501","pl3.14","Não","Não","demoniozinhonv","evil","panto","p~a-to","sim",0,0,1,"p~","0","0","1"
"502","pl3.17","Não","Não","demoniozinhonv","evil","Rujio","hu-'Zio","sim",1,0,0,"hu","1","0","0"
"503","pl3.19","Não","Não","demoniozinhonv","evil","Nunor","nu-'noR","sim",0,0,0,"nu","0","0","0"
"504","pl3.20","Não","Não","demoniozinhonv","evil","Notruen","no-'tru-~e","sim",0,0,0,"no","0","0","0"
"505","pl3.24","Não","Não","demoniozinhonv","evil","nessus","ne-'sus","sim",0,2,0,"ne","0","1","0"
"506","pl3.25","Não","Não","demoniozinhonv","evil","venis","ve-'nis","sim",1,1,0,"ve","1","1","0"
"507","pl3.26","Não","Não","demoniozinhonv","evil","Pevil","pe-'viw","sim",1,0,1,"pe","1","0","1"
"508","pl3.27","Não","Não","demoniozinhonv","evil","Sinuo","si-'nu-o","sim",0,1,0,"si","0","1","0"
"509","pl3.28","Não","Não","demoniozinhonv","evil","Hocoan","o-'ko-~a","sim",0,0,0,"o-","0","0","0"
"510","pl3.1","Não","Não","longuinhov","voador","lutauro","lu-'taw-ro","sim",0,0,0,"lu","0","0","0"
"511","pl3.2","Não","Não","longuinhov","voador","hipafice","i-pa-'fi-se","sim",0,1,1,"i-","0","1","1"
"512","pl3.5","Não","Não","longuinhov","voador","Gaci","ga-'si","sim",1,1,0,"ga","1","1","0"
"513","pl3.6","Não","Não","longuinhov","voador","Gariblo","ga-'ri-blo","sim",2,0,1,"ga","1","0","1"
"514","pl3.14","Não","Não","longuinhov","voador","pemare","pe-'ma-re","sim",0,0,2,"pe","0","0","1"
"515","pl3.18","Não","Não","longuinhov","voador","Mombarra","m~o-'ba-ha","sim",1,0,2,"m~","1","0","1"
"516","pl3.19","Não","Não","longuinhov","voador","Fronplan","fr~o-pl~a","sim",0,0,1,"fr","0","0","1"
"517","pl3.20","Não","Não","longuinhov","voador","Aleixane","a-lej-'Sa-ne","sim",0,1,0,"a-","0","1","0"
"518","pl3.22","Não","Não","longuinhov","voador","Editroi","e-di-'troj","sim",1,0,0,"e-","1","0","0"
"519","pl3.23","Não","Não","longuinhov","voador","Blie","bli-e","sim",1,0,1,"bl","1","0","1"
"520","pl3.24","Não","Não","longuinhov","voador","nizu","ni-'zu","sim",1,0,0,"ni","1","0","0"
"521","pl3.25","Não","Não","longuinhov","voador","cutibi","ku-ti-'bi","sim",1,0,1,"ku","1","0","1"
"522","pl3.26","Não","Não","longuinhov","voador","Flue","flu-e","sim",0,0,0,"fl","0","0","0"
"523","pl3.27","Não","Não","longuinhov","voador","Macalis","ma-ka-'lis","sim",0,1,1,"ma","0","1","1"
"524","pl3.28","Não","Não","longuinhov","voador","fraticina","fra-ti-'si-na","sim",0,1,0,"fr","0","1","0"
"525","pl3.1","Não","Não","baleinhanv","evil","strite","is-'tri-te","sim",0,1,0,"is","0","1","0"
"526","pl3.2","Não","Não","baleinhanv","evil","marija","ma-'ri-Za","sim",1,0,1,"ma","1","0","1"
"527","pl3.14","Não","Não","baleinhanv","evil","pelela","pe-'le-la","sim",0,0,1,"pe","0","0","1"
"528","pl3.17","Não","Não","baleinhanv","evil","Pendavemba","p~e-da-'v~e-ba","sim",3,0,2,"p~","1","0","1"
"529","pl3.18","Não","Não","baleinhanv","evil","Baguilei","ba-gi-'lej","sim",2,0,1,"ba","1","0","1"
"530","pl3.20","Não","Não","baleinhanv","evil","Caxatem","ka-'Sa-t~e","sim",0,1,0,"ka","0","1","0"
"531","pl3.22","Não","Não","baleinhanv","evil","Bristal","bris-'taw","sim",1,1,1,"br","1","1","1"
"532","pl3.24","Não","Não","baleinhanv","evil","debalo","de-'ba-lo","sim",2,0,1,"de","1","0","1"
"533","pl3.25","Não","Não","baleinhanv","evil","dupra","du-pra","sim",1,0,1,"du","1","0","1"
"534","pl3.26","Não","Não","baleinhanv","evil","Anle","~a-le","sim",0,0,0,"~a","0","0","0"
"535","pl3.27","Não","Não","baleinhanv","evil","Goloa","go-'lo-a","sim",1,0,0,"go","1","0","0"
"536","pl3.28","Não","Não","baleinhanv","evil","Paprequio","pa-pre-'kio","sim",0,0,2,"pa","0","0","1"
"537","pl3.1","Não","Não","ferinhanv","evil","ranzo","h~a-zo","sim",1,0,0,"h~","1","0","0"
"538","pl3.2","Não","Não","ferinhanv","evil","frado","fra-do","sim",1,0,0,"fr","1","0","0"
"539","pl3.5","Não","Não","ferinhanv","evil","Pava","pa-va","sim",1,0,1,"pa","1","0","1"
"540","pl3.6","Não","Não","ferinhanv","evil","Roache","ho-'a-Se","sim",0,1,0,"ho","0","1","0"
"541","pl3.14","Não","Não","ferinhanv","evil","zulha","zu-La","sim",1,0,0,"zu","1","0","0"
"542","pl3.17","Não","Não","ferinhanv","evil","Rarga","haR-ga","sim",1,0,0,"ha","1","0","0"
"543","pl3.18","Não","Não","ferinhanv","evil","Chandinal","S~a-di-'naw","sim",1,1,0,"S~","1","1","0"
"544","pl3.19","Não","Não","ferinhanv","evil","Lerveron","leR-'ve-r~o","sim",1,0,0,"le","1","0","0"
"545","pl3.20","Não","Não","ferinhanv","evil","Targora","taR-'go-ra","sim",1,0,0,"ta","1","0","0"
"546","pl3.22","Não","Não","ferinhanv","evil","Pomiral","po-mi-'raw","sim",0,0,2,"po","0","0","1"
"547","pl3.23","Não","Não","ferinhanv","evil","Volfo","vow-fo","sim",1,0,0,"vo","1","0","0"
"548","pl3.24","Não","Não","ferinhanv","evil","ruvi","hu-'vi","sim",1,0,0,"hu","1","0","0"
"549","pl3.25","Não","Não","ferinhanv","evil","rone","ho-ne","sim",0,0,0,"ho","0","0","0"
"550","pl3.26","Não","Não","ferinhanv","evil","Fraber","fra-'beR","sim",1,0,1,"fr","1","0","1"
"551","pl3.27","Não","Não","ferinhanv","evil","Onxion","~o-'Si-~o","sim",0,1,0,"~o","0","1","0"
"552","pl3.1","Não","Não","lilasinhov","voador","bloum","blowm","sim",1,0,2,"bl","1","0","1"
"553","pl3.2","Não","Não","lilasinhov","voador","lole","lo-le","sim",0,0,0,"lo","0","0","0"
"554","pl3.5","Não","Não","lilasinhov","voador","Abu","a-'bu","sim",1,0,1,"a-","1","0","1"
"555","pl3.6","Não","Não","lilasinhov","voador","Vlupi","vlu-'pi","sim",1,0,1,"vl","1","0","1"
"556","pl3.14","Não","Não","lilasinhov","voador","soulera","sow-'le-ra","sim",0,1,0,"so","0","1","0"
"557","pl3.17","Não","Não","lilasinhov","voador","Tequa","te-'kwa","sim",0,0,0,"te","0","0","0"
"558","pl3.18","Não","Não","lilasinhov","voador","Falina","fa-'li-na","sim",0,0,0,"fa","0","0","0"
"559","pl3.19","Não","Não","lilasinhov","voador","Histonin","is-to-'n~i","sim",0,1,0,"is","0","1","0"
"560","pl3.20","Não","Não","lilasinhov","voador","Bioguiner","bi-o-gi-'neR","sim",2,0,1,"bi","1","0","1"
"561","pl3.22","Não","Não","lilasinhov","voador","Flurata","flu-'ra-ta","sim",0,0,0,"fl","0","0","0"
"562","pl3.24","Não","Não","lilasinhov","voador","zuzu","zu-'zu","sim",2,0,0,"zu","1","0","0"
"563","pl3.25","Não","Não","lilasinhov","voador","flades","fla-des","sim",1,1,0,"fl","1","1","0"
"564","pl3.27","Não","Não","lilasinhov","voador","Polemai","po-le-'maj","sim",0,0,2,"po","0","0","1"
"565","pl3.28","Não","Não","lilasinhov","voador","unla","~u-la","sim",0,0,0,"~u","0","0","0"
"566","pl3.1","Não","Não","branquinhov","voador","salemon","sa-'le-m~o","sim",0,1,1,"sa","0","1","1"
"567","pl3.5","Não","Não","branquinhov","voador","Vesani","ve-za-'ni","sim",2,0,0,"ve","1","0","0"
"568","pl3.6","Não","Não","branquinhov","voador","Valóprio","va-'lo-prio","sim",1,0,1,"va","1","0","1"
"569","pl3.14","Não","Não","branquinhov","voador","nanco","n~a-ko","sim",0,0,0,"n~","0","0","0"
"570","pl3.17","Não","Não","branquinhov","voador","Clanci","kl~a-'si","sim",0,1,0,"kl","0","1","0"
"571","pl3.18","Não","Não","branquinhov","voador","Coralim","ko-ra-'l~i","sim",0,0,0,"ko","0","0","0"
"572","pl3.19","Não","Não","branquinhov","voador","Pirtiko","piR-'ti-ko","sim",0,0,1,"pi","0","0","1"
"573","pl3.20","Não","Não","branquinhov","voador","Celasea","se-la-'ze-a","sim",1,1,0,"se","1","1","0"
"574","pl3.24","Não","Não","branquinhov","voador","anix","a-niS","sim",0,1,0,"a-","0","1","0"
"575","pl3.25","Não","Não","branquinhov","voador","piscote","pis-'ko-te","sim",0,1,1,"pi","0","1","1"
"576","pl3.28","Não","Não","branquinhov","voador","xus","Sus","sim",0,2,0,"Su","0","1","0"
"577","pl3.2","Não","Não","laranjinhav","voador","rafipo","ha-'fi-po","sim",0,0,1,"ha","0","0","1"
"578","pl3.5","Não","Não","laranjinhav","voador","Apes","a-pes","sim",0,1,1,"a-","0","1","1"
"579","pl3.6","Não","Não","laranjinhav","voador","Loléia","lo-'leja","sim",0,0,0,"lo","0","0","0"
"580","pl3.14","Não","Não","laranjinhav","voador","guipa","gi-pa","sim",1,0,1,"gi","1","0","1"
"581","pl3.17","Não","Não","laranjinhav","voador","Filin","fi-'l~i","sim",0,0,0,"fi","0","0","0"
"582","pl3.18","Não","Não","laranjinhav","voador","Sobará","so-ba-'ra","sim",1,1,1,"so","1","1","1"
"583","pl3.19","Não","Não","laranjinhav","voador","Vantonix","v~a-'to-niS","sim",1,1,0,"v~","1","1","0"
"584","pl3.20","Não","Não","laranjinhav","voador","Pruigues","pruj-ges","sim",1,1,1,"pr","1","1","1"
"585","pl3.22","Não","Não","laranjinhav","voador","Piulete","piw-'le-te","sim",0,0,1,"pi","0","0","1"
"586","pl3.26","Não","Não","laranjinhav","voador","Pire","pi-re","sim",0,0,1,"pi","0","0","1"
"587","pl3.27","Não","Não","laranjinhav","voador","Malaio","ma-'laj-o","sim",0,0,1,"ma","0","0","1"
"588","pl3.28","Não","Não","laranjinhav","voador","tiri-tiri","ti-'ri ti-'ri","sim",0,0,0,"ti","0","0","0"
"589","pl3.2","Não","Não","ursinhonv","evil","jiga","Zi-ga","sim",2,0,0,"Zi","1","0","0"
"590","pl3.5","Não","Não","ursinhonv","evil","Rafri","ha-'fri","sim",0,0,0,"ha","0","0","0"
"591","pl3.6","Não","Não","ursinhonv","evil","Úbus","u-bus","sim",1,1,1,"u-","1","1","1"
"592","pl3.13","Não","Não","ursinhonv","evil","tirular","ti-ru-'laR","sim",0,0,0,"ti","0","0","0"
"593","pl3.17","Não","Não","ursinhonv","evil","Rahara","haa-ra","sim",0,0,0,"ha","0","0","0"
"594","pl3.22","Não","Não","ursinhonv","evil","Garitrox","ga-'ri-troS","sim",1,1,0,"ga","1","1","0"
"595","pl3.23","Não","Não","ursinhonv","evil","Poloton","po-'lo-t~o","sim",0,0,1,"po","0","0","1"
"596","pl3.24","Não","Não","ursinhonv","evil","ponado","po-'na-do","sim",1,0,1,"po","1","0","1"
"597","pl3.25","Não","Não","ursinhonv","evil","badis","ba-'dis","sim",2,1,1,"ba","1","1","1"
"598","pl3.27","Não","Não","ursinhonv","evil","Andis","~a-'dis","sim",1,1,0,"~a","1","1","0"
"599","pl3.28","Não","Não","ursinhonv","evil","subil","su-'biw","sim",1,1,1,"su","1","1","1"
"600","pl3.1","Não","Não","cobrinhanv","evil","lapreu","la-'prew","sim",0,0,1,"la","0","0","1"
"601","pl3.2","Não","Não","cobrinhanv","evil","vanvan","v~a-v~a","sim",2,0,0,"v~","1","0","0"
"602","pl3.5","Não","Não","cobrinhanv","evil","Recaja","he-'ka-Za","sim",1,0,0,"he","1","0","0"
"603","pl3.6","Não","Não","cobrinhanv","evil","Zíner","zi-neR","sim",1,0,0,"zi","1","0","0"
"604","pl3.13","Não","Não","cobrinhanv","evil","malnadi","maw-na-'di","sim",1,0,1,"ma","1","0","1"
"605","pl3.14","Não","Não","cobrinhanv","evil","kedra","ke-dra","sim",1,0,0,"ke","1","0","0"
"606","pl3.18","Não","Não","cobrinhanv","evil","Bugaduram","bu-ga-'du-r~a","sim",3,0,1,"bu","1","0","1"
"607","pl3.19","Não","Não","cobrinhanv","evil","Curtilen","kuR-'ti-l~e","sim",0,0,0,"ku","0","0","0"
"608","pl3.20","Não","Não","cobrinhanv","evil","Chovatrope","So-va-'tro-pe","sim",1,1,1,"So","1","1","1"
"609","pl3.21","Não","Não","cobrinhanv","evil","imagimunba","i-ma-Zi-'m~u-ba","sim",2,0,3,"i-","1","0","1"
"610","pl3.23","Não","Não","cobrinhanv","evil","Kanes","ka-nes","sim",0,1,0,"ka","0","1","0"
"611","pl3.24","Não","Não","cobrinhanv","evil","sisi","si-'zi","sim",1,1,0,"si","1","1","0"
"612","pl3.26","Não","Não","cobrinhanv","evil","Mudake","mu-'da-ke","sim",1,0,1,"mu","1","0","1"
"613","pl3.27","Não","Não","cobrinhanv","evil","Levasco","le-'vas-ko","sim",1,1,0,"le","1","1","0"
"614","pl3.28","Não","Não","cobrinhanv","evil","sarbita","saR-'bi-ta","sim",1,1,1,"sa","1","1","1"
"615","pl3.2","Não","Não","louquinhonv","evil","aiage","aj-'a-Ze","sim",1,0,0,"aj","1","0","0"
"616","pl3.5","Não","Não","louquinhonv","evil","Tilis","ti-'lis","sim",0,1,0,"ti","0","1","0"
"617","pl3.6","Não","Não","louquinhonv","evil","Maclóde","ma-'klo-de","sim",1,0,1,"ma","1","0","1"
"618","pl3.13","Não","Não","louquinhonv","evil","môgon","mo-g~o","sim",1,0,1,"mo","1","0","1"
"619","pl3.14","Não","Não","louquinhonv","evil","virras","vi-has","sim",1,1,0,"vi","1","1","0"
"620","pl3.18","Não","Não","louquinhonv","evil","Chapuré","Sa-pu-'re","sim",0,1,1,"Sa","0","1","1"
"621","pl3.20","Não","Não","louquinhonv","evil","Cancomia","k~a-ko-'mia","sim",0,0,1,"k~","0","0","1"
"622","pl3.22","Não","Não","louquinhonv","evil","Greogoi","gre-o-'goj","sim",2,0,0,"gr","1","0","0"
"623","pl3.23","Não","Não","louquinhonv","evil","Agritom","a-'gri-t~o","sim",1,0,0,"a-","1","0","0"
"624","pl3.24","Não","Não","louquinhonv","evil","upabude","u-pa-'bu-de","sim",2,0,2,"u-","1","0","1"
"625","pl3.25","Não","Não","louquinhonv","evil","crezus","kre-'zus","sim",1,1,0,"kr","1","1","0"
"626","pl3.27","Não","Não","louquinhonv","evil","Xilio","Si-'lio","sim",0,1,0,"Si","0","1","0"
"627","pl3.28","Não","Não","louquinhonv","evil","guizter","gis-'teR","sim",1,1,0,"gi","1","1","0"
"628","pl3.1","Não","Não","canhaozinhonv","evil","rilex","hi-leS","sim",0,1,0,"hi","0","1","0"
"629","pl3.2","Não","Não","canhaozinhonv","evil","brazo","bra-zo","sim",2,0,1,"br","1","0","1"
"630","pl3.5","Não","Não","canhaozinhonv","evil","Bago","ba-go","sim",2,0,1,"ba","1","0","1"
"631","pl3.6","Não","Não","canhaozinhonv","evil","Lóxel","lo-Sew","sim",0,1,0,"lo","0","1","0"
"632","pl3.13","Não","Não","canhaozinhonv","evil","onôro","o-'no-ro","sim",0,0,0,"o-","0","0","0"
"633","pl3.14","Não","Não","canhaozinhonv","evil","granfo","gr~a-fo","sim",1,0,0,"gr","1","0","0"
"634","pl3.17","Não","Não","canhaozinhonv","evil","Catilo","ka-'ti-lo","sim",0,0,0,"ka","0","0","0"
"635","pl3.18","Não","Não","canhaozinhonv","evil","Toralex","to-'ra-leS","sim",0,1,0,"to","0","1","0"
"636","pl3.19","Não","Não","canhaozinhonv","evil","Portino","poR-'ti-no","sim",0,0,1,"po","0","0","1"
"637","pl3.20","Não","Não","canhaozinhonv","evil","Tromo","tro-mo","sim",0,0,1,"tr","0","0","1"
"638","pl3.22","Não","Não","canhaozinhonv","evil","Brufon","bru-f~o","sim",1,0,1,"br","1","0","1"
"639","pl3.23","Não","Não","canhaozinhonv","evil","Rinofie","hi-no-'fi-e","sim",0,0,0,"hi","0","0","0"
"640","pl3.24","Não","Não","canhaozinhonv","evil","crinado","kri-'na-do","sim",1,0,0,"kr","1","0","0"
"641","pl3.25","Não","Não","canhaozinhonv","evil","crinus","kri-'nus","sim",0,1,0,"kr","0","1","0"
"642","pl3.26","Não","Não","canhaozinhonv","evil","Ditone","di-'to-ne","sim",1,0,0,"di","1","0","0"
"643","pl3.28","Não","Não","canhaozinhonv","evil","bracronte","bra-'kr~o-te","sim",1,0,1,"br","1","0","1"
"644","pl3.1","Não","Não","lobinhonv","evil","melton","mew-t~o","sim",0,0,1,"me","0","0","1"
"645","pl3.2","Não","Não","lobinhonv","evil","rapeto","ha-'pe-to","sim",0,0,1,"ha","0","0","1"
"646","pl3.5","Não","Não","lobinhonv","evil","Lozo","lo-zo","sim",1,0,0,"lo","1","0","0"
"647","pl3.6","Não","Não","lobinhonv","evil","Jôpi","Zo-pi","sim",1,0,1,"Zo","1","0","1"
"648","pl3.14","Não","Não","lobinhonv","evil","hiebo","i-'e-bo","sim",1,0,1,"i-","1","0","1"
"649","pl3.18","Não","Não","lobinhonv","evil","Chalidom","Sa-'li-d~o","sim",1,1,0,"Sa","1","1","0"
"650","pl3.22","Não","Não","lobinhonv","evil","Loferol","lo-fe-'row","sim",0,0,0,"lo","0","0","0"
"651","pl3.24","Não","Não","lobinhonv","evil","jetu","Ze-'tu","sim",1,0,0,"Ze","1","0","0"
"652","pl3.25","Não","Não","lobinhonv","evil","curupuru","ku-ru-pu-'ru","sim",0,0,1,"ku","0","0","1"
"653","pl3.26","Não","Não","lobinhonv","evil","Blena","ble-na","sim",1,0,1,"bl","1","0","1"
"654","pl3.27","Não","Não","lobinhonv","evil","Assie","a-'si-e","sim",0,1,0,"a-","0","1","0"
"655","pl3.28","Não","Não","lobinhonv","evil","Nhonque","N~o-ke","sim",0,0,0,"N~","0","0","0"
"656","pl3.1","Não","Não","franjinhav","voador","cordrual","koR-dru-'aw","sim",1,0,0,"ko","1","0","0"
"657","pl3.2","Não","Não","franjinhav","voador","gorra","go-ha","sim",1,0,0,"go","1","0","0"
"658","pl3.5","Não","Não","franjinhav","voador","Pluce","plu-se","sim",0,1,1,"pl","0","1","1"
"659","pl3.6","Não","Não","franjinhav","voador","Pavitu","pa-vi-'tu","sim",1,0,1,"pa","1","0","1"
"660","pl3.14","Não","Não","franjinhav","voador","ximorgo","Si-'moR-go","sim",1,1,1,"Si","1","1","1"
"661","pl3.17","Não","Não","franjinhav","voador","Capipo","ka-'pi-po","sim",0,0,2,"ka","0","0","1"
"662","pl3.18","Não","Não","franjinhav","voador","Cássar","ka-saR","sim",0,1,0,"ka","0","1","0"
"663","pl3.19","Não","Não","franjinhav","voador","Vontidean","v~o-ti-'de-~a","sim",2,0,0,"v~","1","0","0"
"664","pl3.20","Não","Não","franjinhav","voador","Pleudan","plew-d~a","sim",1,0,1,"pl","1","0","1"
"665","pl3.22","Não","Não","franjinhav","voador","Cegafel","se-ga-'few","sim",1,1,0,"se","1","1","0"
"666","pl3.24","Não","Não","franjinhav","voador","quiros","ki-ros","sim",0,1,0,"ki","0","1","0"
"667","pl3.25","Não","Não","franjinhav","voador","nunu","nu-'nu","sim",0,0,0,"nu","0","0","0"
"668","pl3.26","Não","Não","franjinhav","voador","Fea","fe-a","sim",0,0,0,"fe","0","0","0"
"669","pl3.27","Não","Não","franjinhav","voador","Cegafo","se-'ga-fo","sim",1,1,0,"se","1","1","0"
"670","pl3.28","Não","Não","franjinhav","voador","ganota","ga-'no-ta","sim",1,0,0,"ga","1","0","0"
"671","pl3.2","Não","Não","escurinhov","voador","merilo","me-'ri-lo","sim",0,0,1,"me","0","0","1"
"672","pl3.5","Não","Não","escurinhov","voador","Bida","bi-da","sim",2,0,1,"bi","1","0","1"
"673","pl3.6","Não","Não","escurinhov","voador","Tutepô","tu-te-'po","sim",0,0,1,"tu","0","0","1"
"674","pl3.14","Não","Não","escurinhov","voador","birto","biR-to","sim",1,0,1,"bi","1","0","1"
"675","pl3.17","Não","Não","escurinhov","voador","Topin","to-'p~i","sim",0,0,1,"to","0","0","1"
"676","pl3.20","Não","Não","escurinhov","voador","Armênzuo","aR-'m~e-zu-o","sim",1,0,1,"aR","1","0","1"
"677","pl3.22","Não","Não","escurinhov","voador","Vasderin","vas-de-'r~i","sim",2,1,0,"va","1","1","0"
"678","pl3.23","Não","Não","escurinhov","voador","Pirlin","piR-'l~i","sim",0,0,1,"pi","0","0","1"
"679","pl3.24","Não","Não","escurinhov","voador","lupe","lu-pe","sim",0,0,1,"lu","0","0","1"
"680","pl3.25","Não","Não","escurinhov","voador","tirupi","ti-ru-'pi","sim",0,0,1,"ti","0","0","1"
"681","pl3.27","Não","Não","escurinhov","voador","Pinito","pi-'ni-to","sim",0,0,1,"pi","0","0","1"
"682","pl3.28","Não","Não","escurinhov","voador","plu plu","plu 'plu","sim",0,0,2,"pl","0","0","1"
"683","pl3.1","Não","Não","cinzazinhov","voador","corcovel","koR-ko-'vew","sim",1,0,0,"ko","1","0","0"
"684","pl3.2","Não","Não","cinzazinhov","voador","olario","o-la-'rio","sim",0,0,0,"o-","0","0","0"
"685","pl3.5","Não","Não","cinzazinhov","voador","Vecoza","ve-'ko-za","sim",2,0,0,"ve","1","0","0"
"686","pl3.14","Não","Não","cinzazinhov","voador","gorbi","goR-'bi","sim",2,0,1,"go","1","0","1"
"687","pl3.17","Não","Não","cinzazinhov","voador","Bapum","ba-'p~u","sim",1,0,2,"ba","1","0","1"
"688","pl3.18","Não","Não","cinzazinhov","voador","Moriscrou","mo-ris-'krow","sim",0,1,1,"mo","0","1","1"
"689","pl3.20","Não","Não","cinzazinhov","voador","treconio","tre-ko-'nio","sim",0,0,0,"tr","0","0","0"
"690","pl3.22","Não","Não","cinzazinhov","voador","Gerbilol","ZeR-bi-'low","sim",2,0,1,"Ze","1","0","1"
"691","pl3.23","Não","Não","cinzazinhov","voador","Soles","so-les","sim",0,2,0,"so","0","1","0"
"692","pl3.24","Não","Não","cinzazinhov","voador","firde","fiR-de","sim",1,0,0,"fi","1","0","0"
"693","pl3.25","Não","Não","cinzazinhov","voador","xombi","S~o-'bi","sim",1,1,1,"S~","1","1","1"
"694","pl3.28","Não","Não","cinzazinhov","voador","pistil","pis-'tiw","sim",0,1,1,"pi","0","1","1"
"695","pl3.1","Não","Não","tourinhonv","evil","lenune","le-'nu-ne","sim",0,0,0,"le","0","0","0"
"696","pl3.2","Não","Não","tourinhonv","evil","cavirna","ka-'viR-na","sim",1,0,0,"ka","1","0","0"
"697","pl3.5","Não","Não","tourinhonv","evil","Pachi","pa-'ki","sim",0,0,1,"pa","0","0","1"
"698","pl3.6","Não","Não","tourinhonv","evil","Lomifitu","lo-mi-fi-'tu","sim",0,0,1,"lo","0","0","1"
"699","pl3.13","Não","Não","tourinhonv","evil","tirobra","ti-'ro-bra","sim",1,0,1,"ti","1","0","1"
"700","pl3.14","Não","Não","tourinhonv","evil","gardino","gaR-'di-no","sim",2,0,0,"ga","1","0","0"
"701","pl3.17","Não","Não","tourinhonv","evil","Atarion","a-ta-'ri-~o","sim",0,0,0,"a-","0","0","0"
"702","pl3.18","Não","Não","tourinhonv","evil","Bádora","ba-do-ra","sim",2,0,1,"ba","1","0","1"
"703","pl3.19","Não","Não","tourinhonv","evil","Turtor","tuR-'toR","sim",0,0,0,"tu","0","0","0"
"704","pl3.20","Não","Não","tourinhonv","evil","Granoturo","gra-no-'tu-ro","sim",1,0,0,"gr","1","0","0"
"705","pl3.25","Não","Não","tourinhonv","evil","vituris","vi-tu-'ris","sim",1,1,0,"vi","1","1","0"
"706","pl3.26","Não","Não","tourinhonv","evil","Hornus","oR-'nus","sim",0,1,0,"oR","0","1","0"
"707","pl3.28","Não","Não","tourinhonv","evil","gatuca","ga-'tu-ka","sim",1,0,0,"ga","1","0","0"
"708","pl3.2","Não","Não","azulzinhov","voador","pati","pa-'ti","sim",0,0,1,"pa","0","0","1"
"709","pl3.5","Não","Não","azulzinhov","voador","Vemalo","ve-'ma-lo","sim",1,0,1,"ve","1","0","1"
"710","pl3.6","Não","Não","azulzinhov","voador","Zarádia","za-'ra-dia","sim",2,0,0,"za","1","0","0"
"711","pl3.13","Não","Não","azulzinhov","voador","ponilla","po-'ni-la","sim",0,0,1,"po","0","0","1"
"712","pl3.14","Não","Não","azulzinhov","voador","nepas","ne-pas","sim",0,1,1,"ne","0","1","1"
"713","pl3.17","Não","Não","azulzinhov","voador","Uiuio","ujujo","sim",0,0,0,"uj","0","0","0"
"714","pl3.18","Não","Não","azulzinhov","voador","Climpsi","kl~i-pi-'si","sim",0,1,1,"kl","0","1","1"
"715","pl3.19","Não","Não","azulzinhov","voador","Galgorius","gaw-go-'riws","sim",2,1,0,"ga","1","1","0"
"716","pl3.20","Não","Não","azulzinhov","voador","Gritonio","gri-to-'nio","sim",1,0,0,"gr","1","0","0"
"717","pl3.22","Não","Não","azulzinhov","voador","Poluresa","po-lu-'re-za","sim",1,0,1,"po","1","0","1"
"718","pl3.23","Não","Não","azulzinhov","voador","Rolpei","how-'pej","sim",0,0,1,"ho","0","0","1"
"719","pl3.24","Não","Não","azulzinhov","voador","ena","e-na","sim",0,0,0,"e-","0","0","0"
"720","pl3.25","Não","Não","azulzinhov","voador","padas","pa-das","sim",1,1,1,"pa","1","1","1"
"721","pl3.28","Não","Não","azulzinhov","voador","cantillo","k~a-'ti-lo","sim",0,0,0,"k~","0","0","0"
"722","pl3.5","Não","Não","amarelinhov","voador","Rapeto","ha-'pe-to","sim",0,0,1,"ha","0","0","1"
"723","pl3.6","Não","Não","amarelinhov","voador","Flutome","flu-'to-me","sim",0,0,1,"fl","0","0","1"
"724","pl3.14","Não","Não","amarelinhov","voador","bique","bi-ke","sim",1,0,1,"bi","1","0","1"
"725","pl3.17","Não","Não","amarelinhov","voador","Cariona","ka-ri-'o-na","sim",0,0,0,"ka","0","0","0"
"726","pl3.18","Não","Não","amarelinhov","voador","Pacacaratá","pa-ka-ka-ra-'ta","sim",0,0,1,"pa","0","0","1"
"727","pl3.19","Não","Não","amarelinhov","voador","Jilton","Ziw-t~o","sim",1,0,0,"Zi","1","0","0"
"728","pl3.20","Não","Não","amarelinhov","voador","Cheígneo","Se-'i-gi-ne-o","sim",1,1,0,"Se","1","1","0"
"729","pl3.22","Não","Não","amarelinhov","voador","Raguliu","ha-gu-'liw","sim",1,0,0,"ha","1","0","0"
"730","pl3.23","Não","Não","amarelinhov","voador","Pirron","pi-h~o","sim",0,0,1,"pi","0","0","1"
"731","pl3.24","Não","Não","amarelinhov","voador","prichu","pri-'Su","sim",0,1,1,"pr","0","1","1"
"732","pl3.25","Não","Não","amarelinhov","voador","asino","a-'zi-no","sim",1,0,0,"a-","1","0","0"
"733","pl3.28","Não","Não","amarelinhov","voador","sinpol","s~i-'pow","sim",0,1,1,"s~","0","1","1"
